"kind","test","classification","lane","root_cause","source_line"
"FAILED","tests/auth/test_auth_magic_link.py::test_magic_link_request_is_generic_and_delivers","ENVIRONMENT","db/compose/test-env","Fresh compose DB was reachable but schema/data bootstrap was absent or incomplete (dominant errors: missing users/cases/rules/documents tables), causing cascade failures.","FAILED tests/auth/test_auth_magic_link.py::test_magic_link_request_is_generic_and_delivers"
"FAILED","tests/auth/test_auth_magic_link.py::test_magic_link_consume_creates_session","ENVIRONMENT","db/compose/test-env","Fresh compose DB was reachable but schema/data bootstrap was absent or incomplete (dominant errors: missing users/cases/rules/documents tables), causing cascade failures.","FAILED tests/auth/test_auth_magic_link.py::test_magic_link_consume_creates_session"
"FAILED","tests/auth/test_auth_magic_link.py::test_magic_link_invalid_token_rejected","ENVIRONMENT","db/compose/test-env","Fresh compose DB was reachable but schema/data bootstrap was absent or incomplete (dominant errors: missing users/cases/rules/documents tables), causing cascade failures.","FAILED tests/auth/test_auth_magic_link.py::test_magic_link_invalid_token_rejected"
"FAILED","tests/auth/test_auth_magic_link.py::test_magic_link_issue_is_audited","ENVIRONMENT","db/compose/test-env","Fresh compose DB was reachable but schema/data bootstrap was absent or incomplete (dominant errors: missing users/cases/rules/documents tables), causing cascade failures.","FAILED tests/auth/test_auth_magic_link.py::test_magic_link_issue_is_audited"
"FAILED","tests/auth/test_auth_oauth.py::test_oauth_login_creates_user_and_session[google]","ENVIRONMENT","db/compose/test-env","Fresh compose DB was reachable but schema/data bootstrap was absent or incomplete (dominant errors: missing users/cases/rules/documents tables), causing cascade failures.","FAILED tests/auth/test_auth_oauth.py::test_oauth_login_creates_user_and_session[google]"
"FAILED","tests/auth/test_auth_oauth.py::test_oauth_login_creates_user_and_session[microsoft]","ENVIRONMENT","db/compose/test-env","Fresh compose DB was reachable but schema/data bootstrap was absent or incomplete (dominant errors: missing users/cases/rules/documents tables), causing cascade failures.","FAILED tests/auth/test_auth_oauth.py::test_oauth_login_creates_user_and_session[microsoft]"
"FAILED","tests/auth/test_auth_oauth.py::test_oauth_login_creates_user_and_session[apple]","ENVIRONMENT","db/compose/test-env","Fresh compose DB was reachable but schema/data bootstrap was absent or incomplete (dominant errors: missing users/cases/rules/documents tables), causing cascade failures.","FAILED tests/auth/test_auth_oauth.py::test_oauth_login_creates_user_and_session[apple]"
"FAILED","tests/auth/test_auth_oauth.py::test_oauth_login_creates_user_and_session[linkedin]","ENVIRONMENT","db/compose/test-env","Fresh compose DB was reachable but schema/data bootstrap was absent or incomplete (dominant errors: missing users/cases/rules/documents tables), causing cascade failures.","FAILED tests/auth/test_auth_oauth.py::test_oauth_login_creates_user_and_session[linkedin]"
"FAILED","tests/auth/test_auth_oauth.py::test_oauth_same_subject_returns_same_user","ENVIRONMENT","db/compose/test-env","Fresh compose DB was reachable but schema/data bootstrap was absent or incomplete (dominant errors: missing users/cases/rules/documents tables), causing cascade failures.","FAILED tests/auth/test_auth_oauth.py::test_oauth_same_subject_returns_same_user"
"FAILED","tests/auth/test_auth_password.py::test_register_returns_tokens_and_persists_user","ENVIRONMENT","db/compose/test-env","Fresh compose DB was reachable but schema/data bootstrap was absent or incomplete (dominant errors: missing users/cases/rules/documents tables), causing cascade failures.","FAILED tests/auth/test_auth_password.py::test_register_returns_tokens_and_persists_user"
"FAILED","tests/auth/test_auth_password.py::test_login_succeeds_with_correct_password","ENVIRONMENT","db/compose/test-env","Fresh compose DB was reachable but schema/data bootstrap was absent or incomplete (dominant errors: missing users/cases/rules/documents tables), causing cascade failures.","FAILED tests/auth/test_auth_password.py::test_login_succeeds_with_correct_password"
"FAILED","tests/auth/test_auth_password.py::test_login_is_case_insensitive_on_email","ENVIRONMENT","db/compose/test-env","Fresh compose DB was reachable but schema/data bootstrap was absent or incomplete (dominant errors: missing users/cases/rules/documents tables), causing cascade failures.","FAILED tests/auth/test_auth_password.py::test_login_is_case_insensitive_on_email"
"FAILED","tests/auth/test_auth_password.py::test_login_wrong_password_is_401_and_audited","ENVIRONMENT","db/compose/test-env","Fresh compose DB was reachable but schema/data bootstrap was absent or incomplete (dominant errors: missing users/cases/rules/documents tables), causing cascade failures.","FAILED tests/auth/test_auth_password.py::test_login_wrong_password_is_401_and_audited"
"FAILED","tests/auth/test_auth_password.py::test_login_unknown_user_is_401","ENVIRONMENT","db/compose/test-env","Fresh compose DB was reachable but schema/data bootstrap was absent or incomplete (dominant errors: missing users/cases/rules/documents tables), causing cascade failures.","FAILED tests/auth/test_auth_password.py::test_login_unknown_user_is_401 - ass..."
"FAILED","tests/auth/test_auth_password.py::test_duplicate_email_is_409","ENVIRONMENT","db/compose/test-env","Fresh compose DB was reachable but schema/data bootstrap was absent or incomplete (dominant errors: missing users/cases/rules/documents tables), causing cascade failures.","FAILED tests/auth/test_auth_password.py::test_duplicate_email_is_409 - Assert..."
"FAILED","tests/auth/test_auth_password.py::test_email_verification_flow","ENVIRONMENT","db/compose/test-env","Fresh compose DB was reachable but schema/data bootstrap was absent or incomplete (dominant errors: missing users/cases/rules/documents tables), causing cascade failures.","FAILED tests/auth/test_auth_password.py::test_email_verification_flow - Asser..."
"FAILED","tests/auth/test_auth_password.py::test_password_reset_full_flow","ENVIRONMENT","db/compose/test-env","Fresh compose DB was reachable but schema/data bootstrap was absent or incomplete (dominant errors: missing users/cases/rules/documents tables), causing cascade failures.","FAILED tests/auth/test_auth_password.py::test_password_reset_full_flow - Asse..."
"FAILED","tests/auth/test_auth_password.py::test_password_reset_revokes_existing_sessions","ENVIRONMENT","db/compose/test-env","Fresh compose DB was reachable but schema/data bootstrap was absent or incomplete (dominant errors: missing users/cases/rules/documents tables), causing cascade failures.","FAILED tests/auth/test_auth_password.py::test_password_reset_revokes_existing_sessions"
"FAILED","tests/auth/test_auth_password.py::test_refresh_rotates_and_old_token_is_rejected","ENVIRONMENT","db/compose/test-env","Fresh compose DB was reachable but schema/data bootstrap was absent or incomplete (dominant errors: missing users/cases/rules/documents tables), causing cascade failures.","FAILED tests/auth/test_auth_password.py::test_refresh_rotates_and_old_token_is_rejected"
"FAILED","tests/auth/test_auth_password.py::test_refresh_reuse_revokes_whole_chain","ENVIRONMENT","db/compose/test-env","Fresh compose DB was reachable but schema/data bootstrap was absent or incomplete (dominant errors: missing users/cases/rules/documents tables), causing cascade failures.","FAILED tests/auth/test_auth_password.py::test_refresh_reuse_revokes_whole_chain"
"FAILED","tests/auth/test_auth_password.py::test_expired_refresh_token_rejected","ENVIRONMENT","db/compose/test-env","Fresh compose DB was reachable but schema/data bootstrap was absent or incomplete (dominant errors: missing users/cases/rules/documents tables), causing cascade failures.","FAILED tests/auth/test_auth_password.py::test_expired_refresh_token_rejected"
"FAILED","tests/auth/test_auth_password.py::test_logout_revokes_single_session_and_audits","ENVIRONMENT","db/compose/test-env","Fresh compose DB was reachable but schema/data bootstrap was absent or incomplete (dominant errors: missing users/cases/rules/documents tables), causing cascade failures.","FAILED tests/auth/test_auth_password.py::test_logout_revokes_single_session_and_audits"
"FAILED","tests/auth/test_auth_password.py::test_concurrent_sessions_and_logout_all","ENVIRONMENT","db/compose/test-env","Fresh compose DB was reachable but schema/data bootstrap was absent or incomplete (dominant errors: missing users/cases/rules/documents tables), causing cascade failures.","FAILED tests/auth/test_auth_password.py::test_concurrent_sessions_and_logout_all"
"FAILED","tests/brain/test_brain.py::TestRunBrain::test_brain_returns_trace","REAL DEFECT","intake/diagnosis","Non-environment assertion or exception; inspect before fixing.","FAILED tests/brain/test_brain.py::TestRunBrain::test_brain_returns_trace - Na..."
"FAILED","tests/brain/test_brain.py::TestRunBrain::test_brain_trace_has_19_steps","REAL DEFECT","intake/diagnosis","Non-environment assertion or exception; inspect before fixing.","FAILED tests/brain/test_brain.py::TestRunBrain::test_brain_trace_has_19_steps"
"FAILED","tests/brain/test_brain.py::TestRunBrain::test_brain_trace_19_steps_exactly","REAL DEFECT","intake/diagnosis","Non-environment assertion or exception; inspect before fixing.","FAILED tests/brain/test_brain.py::TestRunBrain::test_brain_trace_19_steps_exactly"
"FAILED","tests/brain/test_brain.py::TestRunBrain::test_brain_detects_jurisdiction","ENVIRONMENT","intake/diagnosis","Fresh compose DB was reachable but schema/data bootstrap was absent or incomplete (dominant errors: missing users/cases/rules/documents tables), causing cascade failures.","FAILED tests/brain/test_brain.py::TestRunBrain::test_brain_detects_jurisdiction"
"FAILED","tests/brain/test_brain.py::TestRunBrain::test_brain_detects_legal_area","REAL DEFECT","intake/diagnosis","Non-environment assertion or exception; inspect before fixing.","FAILED tests/brain/test_brain.py::TestRunBrain::test_brain_detects_legal_area"
"FAILED","tests/brain/test_brain.py::TestRunBrain::test_brain_detects_claim_type","REAL DEFECT","intake/diagnosis","Non-environment assertion or exception; inspect before fixing.","FAILED tests/brain/test_brain.py::TestRunBrain::test_brain_detects_claim_type"
"FAILED","tests/brain/test_brain.py::TestRunBrain::test_brain_selects_agents","REAL DEFECT","intake/diagnosis","Non-environment assertion or exception; inspect before fixing.","FAILED tests/brain/test_brain.py::TestRunBrain::test_brain_selects_agents - N..."
"FAILED","tests/brain/test_brain.py::TestRunBrain::test_brain_selects_rag_sources","ENVIRONMENT","intake/diagnosis","Fresh compose DB was reachable but schema/data bootstrap was absent or incomplete (dominant errors: missing users/cases/rules/documents tables), causing cascade failures.","FAILED tests/brain/test_brain.py::TestRunBrain::test_brain_selects_rag_sources"
"FAILED","tests/brain/test_brain.py::TestRunBrain::test_brain_returns_agents_list","REAL DEFECT","intake/diagnosis","Non-environment assertion or exception; inspect before fixing.","FAILED tests/brain/test_brain.py::TestRunBrain::test_brain_returns_agents_list"
"FAILED","tests/brain/test_brain.py::TestRunBrain::test_brain_returns_missing_facts","REAL DEFECT","intake/diagnosis","Non-environment assertion or exception; inspect before fixing.","FAILED tests/brain/test_brain.py::TestRunBrain::test_brain_returns_missing_facts"
"FAILED","tests/brain/test_brain.py::TestRunBrain::test_brain_detects_missing_facts_before_agents","REAL DEFECT","intake/diagnosis","Non-environment assertion or exception; inspect before fixing.","FAILED tests/brain/test_brain.py::TestRunBrain::test_brain_detects_missing_facts_before_agents"
"FAILED","tests/brain/test_brain.py::TestRunBrain::test_brain_returns_evaluation","REAL DEFECT","intake/diagnosis","Non-environment assertion or exception; inspect before fixing.","FAILED tests/brain/test_brain.py::TestRunBrain::test_brain_returns_evaluation"
"FAILED","tests/brain/test_brain.py::TestRunBrain::test_brain_evaluation_required_for_ud","REAL DEFECT","intake/diagnosis","Non-environment assertion or exception; inspect before fixing.","FAILED tests/brain/test_brain.py::TestRunBrain::test_brain_evaluation_required_for_ud"
"FAILED","tests/brain/test_brain.py::TestRunBrain::test_brain_returns_safety_result","REAL DEFECT","intake/diagnosis","Non-environment assertion or exception; inspect before fixing.","FAILED tests/brain/test_brain.py::TestRunBrain::test_brain_returns_safety_result"
"FAILED","tests/brain/test_brain.py::TestRunBrain::test_brain_safety_passes_for_normal_query","REAL DEFECT","intake/diagnosis","Non-environment assertion or exception; inspect before fixing.","FAILED tests/brain/test_brain.py::TestRunBrain::test_brain_safety_passes_for_normal_query"
"FAILED","tests/brain/test_brain.py::TestRunBrain::test_brain_urgency_detected","REAL DEFECT","intake/diagnosis","Non-environment assertion or exception; inspect before fixing.","FAILED tests/brain/test_brain.py::TestRunBrain::test_brain_urgency_detected"
"FAILED","tests/brain/test_brain.py::TestRunBrain::test_brain_memory_not_saved_without_consent","REAL DEFECT","intake/diagnosis","Non-environment assertion or exception; inspect before fixing.","FAILED tests/brain/test_brain.py::TestRunBrain::test_brain_memory_not_saved_without_consent"
"FAILED","tests/brain/test_brain.py::TestRunBrain::test_brain_memory_not_saved_without_user_id","REAL DEFECT","intake/diagnosis","Non-environment assertion or exception; inspect before fixing.","FAILED tests/brain/test_brain.py::TestRunBrain::test_brain_memory_not_saved_without_user_id"
"FAILED","tests/brain/test_brain.py::TestRunBrain::test_brain_compress_context_step_recorded","REAL DEFECT","intake/diagnosis","Non-environment assertion or exception; inspect before fixing.","FAILED tests/brain/test_brain.py::TestRunBrain::test_brain_compress_context_step_recorded"
"FAILED","tests/brain/test_brain.py::TestRunBrain::test_brain_store_audit_log_step_recorded","REAL DEFECT","intake/diagnosis","Non-environment assertion or exception; inspect before fixing.","FAILED tests/brain/test_brain.py::TestRunBrain::test_brain_store_audit_log_step_recorded"
"FAILED","tests/brain/test_brain.py::TestRunBrain::test_brain_apply_safety_policy_step_recorded","REAL DEFECT","intake/diagnosis","Non-environment assertion or exception; inspect before fixing.","FAILED tests/brain/test_brain.py::TestRunBrain::test_brain_apply_safety_policy_step_recorded"
"FAILED","tests/brain/test_brain.py::TestRunBrain::test_brain_upw_claim","REAL DEFECT","intake/diagnosis","Non-environment assertion or exception; inspect before fixing.","FAILED tests/brain/test_brain.py::TestRunBrain::test_brain_upw_claim - NameEr..."
"FAILED","tests/document_intelligence/test_document_intelligence.py::TestExtractedFactStructure::test_extraction_endpoint_not_implemented","REAL DEFECT","backend/tests","Non-environment assertion or exception; inspect before fixing.","FAILED tests/document_intelligence/test_document_intelligence.py::TestExtractedFactStructure::test_extraction_endpoint_not_implemented"
"FAILED","tests/document_intelligence/test_document_intelligence.py::TestDocumentIsolation::test_uploads_scoped_to_case_owner","ENVIRONMENT","db/compose/test-env","Fresh compose DB was reachable but schema/data bootstrap was absent or incomplete (dominant errors: missing users/cases/rules/documents tables), causing cascade failures.","FAILED tests/document_intelligence/test_document_intelligence.py::TestDocumentIsolation::test_uploads_scoped_to_case_owner"
"FAILED","tests/documents/test_documents.py::TestDocumentTable::test_documents_table_is_user_scoped","ENVIRONMENT","db/compose/test-env","Fresh compose DB was reachable but schema/data bootstrap was absent or incomplete (dominant errors: missing users/cases/rules/documents tables), causing cascade failures.","FAILED tests/documents/test_documents.py::TestDocumentTable::test_documents_table_is_user_scoped"
"FAILED","tests/graph_rag/test_graph_rag.py::TestGetClaimSubgraph::test_ud_subgraph_has_root_node","ENVIRONMENT","db/compose/test-env","Fresh compose DB was reachable but schema/data bootstrap was absent or incomplete (dominant errors: missing users/cases/rules/documents tables), causing cascade failures.","FAILED tests/graph_rag/test_graph_rag.py::TestGetClaimSubgraph::test_ud_subgraph_has_root_node"
"FAILED","tests/graph_rag/test_graph_rag.py::TestGetClaimSubgraph::test_ud_subgraph_has_nodes","ENVIRONMENT","db/compose/test-env","Fresh compose DB was reachable but schema/data bootstrap was absent or incomplete (dominant errors: missing users/cases/rules/documents tables), causing cascade failures.","FAILED tests/graph_rag/test_graph_rag.py::TestGetClaimSubgraph::test_ud_subgraph_has_nodes"
"FAILED","tests/graph_rag/test_graph_rag.py::TestGetClaimSubgraph::test_ud_subgraph_has_edges","ENVIRONMENT","db/compose/test-env","Fresh compose DB was reachable but schema/data bootstrap was absent or incomplete (dominant errors: missing users/cases/rules/documents tables), causing cascade failures.","FAILED tests/graph_rag/test_graph_rag.py::TestGetClaimSubgraph::test_ud_subgraph_has_edges"
"FAILED","tests/graph_rag/test_graph_rag.py::TestGetClaimSubgraph::test_ud_subgraph_includes_limitation_node","ENVIRONMENT","db/compose/test-env","Fresh compose DB was reachable but schema/data bootstrap was absent or incomplete (dominant errors: missing users/cases/rules/documents tables), causing cascade failures.","FAILED tests/graph_rag/test_graph_rag.py::TestGetClaimSubgraph::test_ud_subgraph_includes_limitation_node"
"FAILED","tests/graph_rag/test_graph_rag.py::TestGetClaimSubgraph::test_ud_subgraph_includes_qualifying_service","ENVIRONMENT","db/compose/test-env","Fresh compose DB was reachable but schema/data bootstrap was absent or incomplete (dominant errors: missing users/cases/rules/documents tables), causing cascade failures.","FAILED tests/graph_rag/test_graph_rag.py::TestGetClaimSubgraph::test_ud_subgraph_includes_qualifying_service"
"FAILED","tests/graph_rag/test_graph_rag.py::TestGetClaimSubgraph::test_ud_subgraph_context_text_not_empty","ENVIRONMENT","db/compose/test-env","Fresh compose DB was reachable but schema/data bootstrap was absent or incomplete (dominant errors: missing users/cases/rules/documents tables), causing cascade failures.","FAILED tests/graph_rag/test_graph_rag.py::TestGetClaimSubgraph::test_ud_subgraph_context_text_not_empty"
"FAILED","tests/graph_rag/test_graph_rag.py::TestGetClaimSubgraph::test_upw_subgraph_returns_nodes","ENVIRONMENT","db/compose/test-env","Fresh compose DB was reachable but schema/data bootstrap was absent or incomplete (dominant errors: missing users/cases/rules/documents tables), causing cascade failures.","FAILED tests/graph_rag/test_graph_rag.py::TestGetClaimSubgraph::test_upw_subgraph_returns_nodes"
"FAILED","tests/graph_rag/test_graph_rag.py::TestGetConceptContext::test_single_node_returned","ENVIRONMENT","db/compose/test-env","Fresh compose DB was reachable but schema/data bootstrap was absent or incomplete (dominant errors: missing users/cases/rules/documents tables), causing cascade failures.","FAILED tests/graph_rag/test_graph_rag.py::TestGetConceptContext::test_single_node_returned"
"FAILED","tests/graph_rag/test_graph_rag.py::TestGetConceptContext::test_multiple_nodes_returned","ENVIRONMENT","db/compose/test-env","Fresh compose DB was reachable but schema/data bootstrap was absent or incomplete (dominant errors: missing users/cases/rules/documents tables), causing cascade failures.","FAILED tests/graph_rag/test_graph_rag.py::TestGetConceptContext::test_multiple_nodes_returned"
"FAILED","tests/graph_rag/test_graph_rag.py::TestGetConceptContext::test_source_is_knowledge_graph","ENVIRONMENT","db/compose/test-env","Fresh compose DB was reachable but schema/data bootstrap was absent or incomplete (dominant errors: missing users/cases/rules/documents tables), causing cascade failures.","FAILED tests/graph_rag/test_graph_rag.py::TestGetConceptContext::test_source_is_knowledge_graph"
"FAILED","tests/graph_rag/test_graph_rag.py::TestGetConceptContext::test_context_text_contains_node_label","ENVIRONMENT","db/compose/test-env","Fresh compose DB was reachable but schema/data bootstrap was absent or incomplete (dominant errors: missing users/cases/rules/documents tables), causing cascade failures.","FAILED tests/graph_rag/test_graph_rag.py::TestGetConceptContext::test_context_text_contains_node_label"
"FAILED","tests/ingestion/test_ingestion.py::TestLegislationTable::test_legislation_table_exists","ENVIRONMENT","db/compose/test-env","Fresh compose DB was reachable but schema/data bootstrap was absent or incomplete (dominant errors: missing users/cases/rules/documents tables), causing cascade failures.","FAILED tests/ingestion/test_ingestion.py::TestLegislationTable::test_legislation_table_exists"
"FAILED","tests/ingestion/test_ingestion.py::TestLegislationTable::test_legislation_has_required_columns","ENVIRONMENT","db/compose/test-env","Fresh compose DB was reachable but schema/data bootstrap was absent or incomplete (dominant errors: missing users/cases/rules/documents tables), causing cascade failures.","FAILED tests/ingestion/test_ingestion.py::TestLegislationTable::test_legislation_has_required_columns"
"FAILED","tests/ingestion/test_ingestion.py::TestLegislationTable::test_legislation_has_rows","ENVIRONMENT","db/compose/test-env","Fresh compose DB was reachable but schema/data bootstrap was absent or incomplete (dominant errors: missing users/cases/rules/documents tables), causing cascade failures.","FAILED tests/ingestion/test_ingestion.py::TestLegislationTable::test_legislation_has_rows"
"FAILED","tests/ingestion/test_ingestion.py::TestLegislationTable::test_legislation_rows_have_source_url","ENVIRONMENT","db/compose/test-env","Fresh compose DB was reachable but schema/data bootstrap was absent or incomplete (dominant errors: missing users/cases/rules/documents tables), causing cascade failures.","FAILED tests/ingestion/test_ingestion.py::TestLegislationTable::test_legislation_rows_have_source_url"
"FAILED","tests/ingestion/test_ingestion.py::TestLegislationTable::test_legislation_has_embeddings","KNOWN-BENIGN","retrieval/embedding","Legacy source-table embedding/dimension expectation; corpus_chunks 1024 plane is authoritative per reports/rag_1024_retrieval_repair.txt and docs/handoff/RELEASE_STATE.md.","FAILED tests/ingestion/test_ingestion.py::TestLegislationTable::test_legislation_has_embeddings"
"FAILED","tests/ingestion/test_ingestion.py::TestLegislationTable::test_legislation_jurisdiction_is_ew","ENVIRONMENT","db/compose/test-env","Fresh compose DB was reachable but schema/data bootstrap was absent or incomplete (dominant errors: missing users/cases/rules/documents tables), causing cascade failures.","FAILED tests/ingestion/test_ingestion.py::TestLegislationTable::test_legislation_jurisdiction_is_ew"
"FAILED","tests/ingestion/test_ingestion.py::TestCaseLawTable::test_case_law_chunks_table_exists","ENVIRONMENT","db/compose/test-env","Fresh compose DB was reachable but schema/data bootstrap was absent or incomplete (dominant errors: missing users/cases/rules/documents tables), causing cascade failures.","FAILED tests/ingestion/test_ingestion.py::TestCaseLawTable::test_case_law_chunks_table_exists"
"FAILED","tests/ingestion/test_ingestion.py::TestCaseLawTable::test_case_law_has_required_columns","ENVIRONMENT","db/compose/test-env","Fresh compose DB was reachable but schema/data bootstrap was absent or incomplete (dominant errors: missing users/cases/rules/documents tables), causing cascade failures.","FAILED tests/ingestion/test_ingestion.py::TestCaseLawTable::test_case_law_has_required_columns"
"FAILED","tests/ingestion/test_ingestion.py::TestCaseLawTable::test_case_law_chunks_status_documented","ENVIRONMENT","db/compose/test-env","Fresh compose DB was reachable but schema/data bootstrap was absent or incomplete (dominant errors: missing users/cases/rules/documents tables), causing cascade failures.","FAILED tests/ingestion/test_ingestion.py::TestCaseLawTable::test_case_law_chunks_status_documented"
"FAILED","tests/ingestion/test_ingestion.py::TestAcasGuidanceTable::test_acas_guidance_table_exists","ENVIRONMENT","db/compose/test-env","Fresh compose DB was reachable but schema/data bootstrap was absent or incomplete (dominant errors: missing users/cases/rules/documents tables), causing cascade failures.","FAILED tests/ingestion/test_ingestion.py::TestAcasGuidanceTable::test_acas_guidance_table_exists"
"FAILED","tests/ingestion/test_ingestion.py::TestAcasGuidanceTable::test_acas_guidance_has_rows","ENVIRONMENT","db/compose/test-env","Fresh compose DB was reachable but schema/data bootstrap was absent or incomplete (dominant errors: missing users/cases/rules/documents tables), causing cascade failures.","FAILED tests/ingestion/test_ingestion.py::TestAcasGuidanceTable::test_acas_guidance_has_rows"
"FAILED","tests/ingestion/test_ingestion.py::TestAcasGuidanceTable::test_acas_guidance_has_embeddings","KNOWN-BENIGN","retrieval/embedding","Legacy source-table embedding/dimension expectation; corpus_chunks 1024 plane is authoritative per reports/rag_1024_retrieval_repair.txt and docs/handoff/RELEASE_STATE.md.","FAILED tests/ingestion/test_ingestion.py::TestAcasGuidanceTable::test_acas_guidance_has_embeddings"
"FAILED","tests/ingestion/test_ingestion.py::TestRulesTable::test_rules_table_exists","ENVIRONMENT","db/compose/test-env","Fresh compose DB was reachable but schema/data bootstrap was absent or incomplete (dominant errors: missing users/cases/rules/documents tables), causing cascade failures.","FAILED tests/ingestion/test_ingestion.py::TestRulesTable::test_rules_table_exists"
"FAILED","tests/ingestion/test_ingestion.py::TestRulesTable::test_rules_has_required_columns","ENVIRONMENT","db/compose/test-env","Fresh compose DB was reachable but schema/data bootstrap was absent or incomplete (dominant errors: missing users/cases/rules/documents tables), causing cascade failures.","FAILED tests/ingestion/test_ingestion.py::TestRulesTable::test_rules_has_required_columns"
"FAILED","tests/ingestion/test_ingestion.py::TestRulesTable::test_ud_time_limit_rule_exists","ENVIRONMENT","db/compose/test-env","Fresh compose DB was reachable but schema/data bootstrap was absent or incomplete (dominant errors: missing users/cases/rules/documents tables), causing cascade failures.","FAILED tests/ingestion/test_ingestion.py::TestRulesTable::test_ud_time_limit_rule_exists"
"FAILED","tests/ingestion/test_ingestion.py::TestRulesTable::test_ud_qualifying_period_rule_exists","ENVIRONMENT","db/compose/test-env","Fresh compose DB was reachable but schema/data bootstrap was absent or incomplete (dominant errors: missing users/cases/rules/documents tables), causing cascade failures.","FAILED tests/ingestion/test_ingestion.py::TestRulesTable::test_ud_qualifying_period_rule_exists"
"FAILED","tests/ingestion/test_ingestion.py::TestRulesTable::test_ud_compensatory_cap_rule_exists","ENVIRONMENT","db/compose/test-env","Fresh compose DB was reachable but schema/data bootstrap was absent or incomplete (dominant errors: missing users/cases/rules/documents tables), causing cascade failures.","FAILED tests/ingestion/test_ingestion.py::TestRulesTable::test_ud_compensatory_cap_rule_exists"
"FAILED","tests/ingestion/test_ingestion.py::TestRulesTable::test_all_rules_have_authority_ref","ENVIRONMENT","db/compose/test-env","Fresh compose DB was reachable but schema/data bootstrap was absent or incomplete (dominant errors: missing users/cases/rules/documents tables), causing cascade failures.","FAILED tests/ingestion/test_ingestion.py::TestRulesTable::test_all_rules_have_authority_ref"
"FAILED","tests/ingestion/test_ingestion.py::TestRulesTable::test_all_rules_have_effective_from","ENVIRONMENT","db/compose/test-env","Fresh compose DB was reachable but schema/data bootstrap was absent or incomplete (dominant errors: missing users/cases/rules/documents tables), causing cascade failures.","FAILED tests/ingestion/test_ingestion.py::TestRulesTable::test_all_rules_have_effective_from"
"FAILED","tests/ingestion/test_ingestion.py::TestRulesTable::test_prospective_rules_exist_for_future","ENVIRONMENT","db/compose/test-env","Fresh compose DB was reachable but schema/data bootstrap was absent or incomplete (dominant errors: missing users/cases/rules/documents tables), causing cascade failures.","FAILED tests/ingestion/test_ingestion.py::TestRulesTable::test_prospective_rules_exist_for_future"
"FAILED","tests/ingestion/test_ingestion.py::TestEmbeddingDimension::test_embeddings_correct_dimension","KNOWN-BENIGN","retrieval/embedding","Legacy source-table embedding/dimension expectation; corpus_chunks 1024 plane is authoritative per reports/rag_1024_retrieval_repair.txt and docs/handoff/RELEASE_STATE.md.","FAILED tests/ingestion/test_ingestion.py::TestEmbeddingDimension::test_embeddings_correct_dimension"
"FAILED","tests/ingestion/test_rag_corpus_citations.py::test_no_sources_and_no_rules_fails_closed","ENVIRONMENT","db/compose/test-env","Fresh compose DB was reachable but schema/data bootstrap was absent or incomplete (dominant errors: missing users/cases/rules/documents tables), causing cascade failures.","FAILED tests/ingestion/test_rag_corpus_citations.py::test_no_sources_and_no_rules_fails_closed"
"FAILED","tests/integration/test_brain_gatekeeper.py::test_fake_uuid_fallback","REAL DEFECT","intake/diagnosis","Non-environment assertion or exception; inspect before fixing.","FAILED tests/integration/test_brain_gatekeeper.py::test_fake_uuid_fallback - ..."
"FAILED","tests/integration/test_brain_gatekeeper.py::test_assess_uses_governed_lane","REAL DEFECT","intake/diagnosis","Non-environment assertion or exception; inspect before fixing.","FAILED tests/integration/test_brain_gatekeeper.py::test_assess_uses_governed_lane"
"FAILED","tests/integration/test_phase11_auth_routes.py::test_register_login_flow","ENVIRONMENT","db/compose/test-env","Fresh compose DB was reachable but schema/data bootstrap was absent or incomplete (dominant errors: missing users/cases/rules/documents tables), causing cascade failures.","FAILED tests/integration/test_phase11_auth_routes.py::test_register_login_flow"
"FAILED","tests/integration/test_phase11_auth_routes.py::test_login_invalid_password","ENVIRONMENT","db/compose/test-env","Fresh compose DB was reachable but schema/data bootstrap was absent or incomplete (dominant errors: missing users/cases/rules/documents tables), causing cascade failures.","FAILED tests/integration/test_phase11_auth_routes.py::test_login_invalid_password"
"FAILED","tests/integration/test_phase2_engine.py::test_in_scope_ud_pipeline_reaches_assessment","REAL DEFECT","backend/tests","Non-environment assertion or exception; inspect before fixing.","FAILED tests/integration/test_phase2_engine.py::test_in_scope_ud_pipeline_reaches_assessment"
"FAILED","tests/integration/test_phase2_engine.py::test_qualifying_period_pass_3_years","REAL DEFECT","backend/tests","Non-environment assertion or exception; inspect before fixing.","FAILED tests/integration/test_phase2_engine.py::test_qualifying_period_pass_3_years"
"FAILED","tests/integration/test_phase2_engine.py::test_deadline_in_pipeline","REAL DEFECT","backend/tests","Non-environment assertion or exception; inspect before fixing.","FAILED tests/integration/test_phase2_engine.py::test_deadline_in_pipeline - A..."
"FAILED","tests/integration/test_phase2_engine.py::test_cap_current_edt","REAL DEFECT","backend/tests","Non-environment assertion or exception; inspect before fixing.","FAILED tests/integration/test_phase2_engine.py::test_cap_current_edt - psycop..."
"FAILED","tests/integration/test_phase2_engine.py::test_cap_older_edt","REAL DEFECT","backend/tests","Non-environment assertion or exception; inspect before fixing.","FAILED tests/integration/test_phase2_engine.py::test_cap_older_edt - psycopg2..."
"FAILED","tests/integration/test_phase2_engine.py::test_prospective_cap_never_returned","REAL DEFECT","backend/tests","Non-environment assertion or exception; inspect before fixing.","FAILED tests/integration/test_phase2_engine.py::test_prospective_cap_never_returned"
"FAILED","tests/integration/test_phase2_engine.py::test_stub_model_routes_to_insufficient_grounding","REAL DEFECT","backend/tests","Non-environment assertion or exception; inspect before fixing.","FAILED tests/integration/test_phase2_engine.py::test_stub_model_routes_to_insufficient_grounding"
"FAILED","tests/integration/test_phase2_engine.py::test_bm25_finds_legislation","REAL DEFECT","backend/tests","Non-environment assertion or exception; inspect before fixing.","FAILED tests/integration/test_phase2_engine.py::test_bm25_finds_legislation"
"FAILED","tests/integration/test_phase2_engine.py::test_bm25_finds_acas","REAL DEFECT","backend/tests","Non-environment assertion or exception; inspect before fixing.","FAILED tests/integration/test_phase2_engine.py::test_bm25_finds_acas - psycop..."
"FAILED","tests/integration/test_phase2_engine.py::test_bm25_returns_citations","REAL DEFECT","backend/tests","Non-environment assertion or exception; inspect before fixing.","FAILED tests/integration/test_phase2_engine.py::test_bm25_returns_citations"
"FAILED","tests/integration/test_phase2_engine.py::test_retrieve_bundle_has_both_rules_and_keyword","ENVIRONMENT","db/compose/test-env","Fresh compose DB was reachable but schema/data bootstrap was absent or incomplete (dominant errors: missing users/cases/rules/documents tables), causing cascade failures.","FAILED tests/integration/test_phase2_engine.py::test_retrieve_bundle_has_both_rules_and_keyword"
"FAILED","tests/integration/test_phase2_engine.py::test_deidentification_boundary_logged","REAL DEFECT","backend/tests","Non-environment assertion or exception; inspect before fixing.","FAILED tests/integration/test_phase2_engine.py::test_deidentification_boundary_logged"
"FAILED","tests/integration/test_phase2c_regression.py::test_scenario_no_ec_deadline","REAL DEFECT","backend/tests","Non-environment assertion or exception; inspect before fixing.","FAILED tests/integration/test_phase2c_regression.py::test_scenario_no_ec_deadline"
"FAILED","tests/integration/test_phase2c_regression.py::test_scenario_cap_is_rule_backed","REAL DEFECT","backend/tests","Non-environment assertion or exception; inspect before fixing.","FAILED tests/integration/test_phase2c_regression.py::test_scenario_cap_is_rule_backed"
"FAILED","tests/integration/test_phase2c_regression.py::test_scenario_deidentification_boundary","REAL DEFECT","backend/tests","Non-environment assertion or exception; inspect before fixing.","FAILED tests/integration/test_phase2c_regression.py::test_scenario_deidentification_boundary"
"FAILED","tests/integration/test_phase2c_regression.py::test_deterministic_context_qp_fail_produces_no_claim","REAL DEFECT","backend/tests","Non-environment assertion or exception; inspect before fixing.","FAILED tests/integration/test_phase2c_regression.py::test_deterministic_context_qp_fail_produces_no_claim"
"FAILED","tests/integration/test_phase2c_regression.py::test_deterministic_context_citations_all_have_url","REAL DEFECT","backend/tests","Non-environment assertion or exception; inspect before fixing.","FAILED tests/integration/test_phase2c_regression.py::test_deterministic_context_citations_all_have_url"
"FAILED","tests/integration/test_phase2d_hardening.py::test_qp_fail_14_months_shows_employer_arg","REAL DEFECT","backend/tests","Non-environment assertion or exception; inspect before fixing.","FAILED tests/integration/test_phase2d_hardening.py::test_qp_fail_14_months_shows_employer_arg"
"FAILED","tests/integration/test_phase2d_hardening.py::test_procedural_weakness_detected","REAL DEFECT","backend/tests","Non-environment assertion or exception; inspect before fixing.","FAILED tests/integration/test_phase2d_hardening.py::test_procedural_weakness_detected"
"FAILED","tests/integration/test_phase2d_hardening.py::test_value_range_from_rules","ENVIRONMENT","db/compose/test-env","Fresh compose DB was reachable but schema/data bootstrap was absent or incomplete (dominant errors: missing users/cases/rules/documents tables), causing cascade failures.","FAILED tests/integration/test_phase2d_hardening.py::test_value_range_from_rules"
"FAILED","tests/integration/test_phase2d_hardening.py::test_value_range_limb_b_caps_low_earner","REAL DEFECT","backend/tests","Non-environment assertion or exception; inspect before fixing.","FAILED tests/integration/test_phase2d_hardening.py::test_value_range_limb_b_caps_low_earner"
"FAILED","tests/integration/test_phase2d_hardening.py::test_deadline_authority_traces_to_statute","ENVIRONMENT","db/compose/test-env","Fresh compose DB was reachable but schema/data bootstrap was absent or incomplete (dominant errors: missing users/cases/rules/documents tables), causing cascade failures.","FAILED tests/integration/test_phase2d_hardening.py::test_deadline_authority_traces_to_statute"
"FAILED","tests/integration/test_phase2d_hardening.py::test_deadline_in_pipeline_has_authority","ENVIRONMENT","db/compose/test-env","Fresh compose DB was reachable but schema/data bootstrap was absent or incomplete (dominant errors: missing users/cases/rules/documents tables), causing cascade failures.","FAILED tests/integration/test_phase2d_hardening.py::test_deadline_in_pipeline_has_authority"
"FAILED","tests/integration/test_phase2d_hardening.py::test_employer_arguments_populated_conduct","REAL DEFECT","backend/tests","Non-environment assertion or exception; inspect before fixing.","FAILED tests/integration/test_phase2d_hardening.py::test_employer_arguments_populated_conduct"
"FAILED","tests/integration/test_phase2d_hardening.py::test_employer_arguments_always_includes_mitigation","REAL DEFECT","backend/tests","Non-environment assertion or exception; inspect before fixing.","FAILED tests/integration/test_phase2d_hardening.py::test_employer_arguments_always_includes_mitigation"
"FAILED","tests/integration/test_phase2d_hardening.py::test_no_pii_in_stub_boundary","REAL DEFECT","backend/tests","Non-environment assertion or exception; inspect before fixing.","FAILED tests/integration/test_phase2d_hardening.py::test_no_pii_in_stub_boundary"
"FAILED","tests/integration/test_phase2d_hardening.py::test_no_key_fallback_returns_stub","REAL DEFECT","backend/tests","Non-environment assertion or exception; inspect before fixing.","FAILED tests/integration/test_phase2d_hardening.py::test_no_key_fallback_returns_stub"
"FAILED","tests/integration/test_phase2d_hardening.py::test_all_citations_have_source","REAL DEFECT","backend/tests","Non-environment assertion or exception; inspect before fixing.","FAILED tests/integration/test_phase2d_hardening.py::test_all_citations_have_source"
"FAILED","tests/integration/test_phase2e_audit_log.py::test_passing_assessment_writes_audit_row","ENVIRONMENT","db/compose/test-env","Fresh compose DB was reachable but schema/data bootstrap was absent or incomplete (dominant errors: missing users/cases/rules/documents tables), causing cascade failures.","FAILED tests/integration/test_phase2e_audit_log.py::test_passing_assessment_writes_audit_row"
"FAILED","tests/integration/test_phase2e_audit_log.py::test_insufficient_grounding_writes_audit_row","ENVIRONMENT","db/compose/test-env","Fresh compose DB was reachable but schema/data bootstrap was absent or incomplete (dominant errors: missing users/cases/rules/documents tables), causing cascade failures.","FAILED tests/integration/test_phase2e_audit_log.py::test_insufficient_grounding_writes_audit_row"
"FAILED","tests/integration/test_phase2e_audit_log.py::test_audit_row_contains_no_personal_data","ENVIRONMENT","db/compose/test-env","Fresh compose DB was reachable but schema/data bootstrap was absent or incomplete (dominant errors: missing users/cases/rules/documents tables), causing cascade failures.","FAILED tests/integration/test_phase2e_audit_log.py::test_audit_row_contains_no_personal_data"
"FAILED","tests/integration/test_phase2e_audit_log.py::test_audit_governance_result_matches_pipeline","ENVIRONMENT","db/compose/test-env","Fresh compose DB was reachable but schema/data bootstrap was absent or incomplete (dominant errors: missing users/cases/rules/documents tables), causing cascade failures.","FAILED tests/integration/test_phase2e_audit_log.py::test_audit_governance_result_matches_pipeline"
"FAILED","tests/integration/test_phase2e_audit_log.py::test_audit_boundary_log_proves_deidentification","ENVIRONMENT","db/compose/test-env","Fresh compose DB was reachable but schema/data bootstrap was absent or incomplete (dominant errors: missing users/cases/rules/documents tables), causing cascade failures.","FAILED tests/integration/test_phase2e_audit_log.py::test_audit_boundary_log_proves_deidentification"
"FAILED","tests/integration/test_phase2e_audit_log.py::test_audit_rules_used_safe","ENVIRONMENT","db/compose/test-env","Fresh compose DB was reachable but schema/data bootstrap was absent or incomplete (dominant errors: missing users/cases/rules/documents tables), causing cascade failures.","FAILED tests/integration/test_phase2e_audit_log.py::test_audit_rules_used_safe"
"FAILED","tests/integration/test_phase2e_audit_log.py::test_out_of_scope_no_audit_row","ENVIRONMENT","db/compose/test-env","Fresh compose DB was reachable but schema/data bootstrap was absent or incomplete (dominant errors: missing users/cases/rules/documents tables), causing cascade failures.","FAILED tests/integration/test_phase2e_audit_log.py::test_out_of_scope_no_audit_row"
"FAILED","tests/integration/test_phase3a_flows.py::test_intake_submit_returns_assessment","ENVIRONMENT","intake/diagnosis","Fresh compose DB was reachable but schema/data bootstrap was absent or incomplete (dominant errors: missing users/cases/rules/documents tables), causing cascade failures.","FAILED tests/integration/test_phase3a_flows.py::test_intake_submit_returns_assessment"
"FAILED","tests/integration/test_phase3a_flows.py::test_citations_present_in_assessment","ENVIRONMENT","intake/diagnosis","Fresh compose DB was reachable but schema/data bootstrap was absent or incomplete (dominant errors: missing users/cases/rules/documents tables), causing cascade failures.","FAILED tests/integration/test_phase3a_flows.py::test_citations_present_in_assessment"
"FAILED","tests/integration/test_phase3a_flows.py::test_weak_case_shows_weaknesses","ENVIRONMENT","intake/diagnosis","Fresh compose DB was reachable but schema/data bootstrap was absent or incomplete (dominant errors: missing users/cases/rules/documents tables), causing cascade failures.","FAILED tests/integration/test_phase3a_flows.py::test_weak_case_shows_weaknesses"
"FAILED","tests/integration/test_phase3b_deadline.py::test_rules_api_returns_time_limit_months","ENVIRONMENT","db/compose/test-env","Fresh compose DB was reachable but schema/data bootstrap was absent or incomplete (dominant errors: missing users/cases/rules/documents tables), causing cascade failures.","FAILED tests/integration/test_phase3b_deadline.py::test_rules_api_returns_time_limit_months"
"FAILED","tests/integration/test_phase3b_deadline.py::test_rules_api_time_limit_value_is_three","ENVIRONMENT","db/compose/test-env","Fresh compose DB was reachable but schema/data bootstrap was absent or incomplete (dominant errors: missing users/cases/rules/documents tables), causing cascade failures.","FAILED tests/integration/test_phase3b_deadline.py::test_rules_api_time_limit_value_is_three"
"FAILED","tests/integration/test_phase3b_deadline.py::test_rules_api_has_authority_ref","ENVIRONMENT","db/compose/test-env","Fresh compose DB was reachable but schema/data bootstrap was absent or incomplete (dominant errors: missing users/cases/rules/documents tables), causing cascade failures.","FAILED tests/integration/test_phase3b_deadline.py::test_rules_api_has_authority_ref"
"FAILED","tests/integration/test_phase3b_deadline.py::test_rules_api_has_last_verified_at","ENVIRONMENT","db/compose/test-env","Fresh compose DB was reachable but schema/data bootstrap was absent or incomplete (dominant errors: missing users/cases/rules/documents tables), causing cascade failures.","FAILED tests/integration/test_phase3b_deadline.py::test_rules_api_has_last_verified_at"
"FAILED","tests/integration/test_phase3b_deadline.py::test_rules_api_no_prospective_rows","ENVIRONMENT","db/compose/test-env","Fresh compose DB was reachable but schema/data bootstrap was absent or incomplete (dominant errors: missing users/cases/rules/documents tables), causing cascade failures.","FAILED tests/integration/test_phase3b_deadline.py::test_rules_api_no_prospective_rows"
"FAILED","tests/integration/test_phase3b_deadline.py::test_deadline_ec_day_b_before_day_a_rejected","ENVIRONMENT","db/compose/test-env","Fresh compose DB was reachable but schema/data bootstrap was absent or incomplete (dominant errors: missing users/cases/rules/documents tables), causing cascade failures.","FAILED tests/integration/test_phase3b_deadline.py::test_deadline_ec_day_b_before_day_a_rejected"
"FAILED","tests/integration/test_phase3b_deadline.py::test_assess_correct_client_deadline_no_mismatch","ENVIRONMENT","db/compose/test-env","Fresh compose DB was reachable but schema/data bootstrap was absent or incomplete (dominant errors: missing users/cases/rules/documents tables), causing cascade failures.","FAILED tests/integration/test_phase3b_deadline.py::test_assess_correct_client_deadline_no_mismatch"
"FAILED","tests/integration/test_phase3b_deadline.py::test_assess_wrong_client_deadline_flags_mismatch","ENVIRONMENT","db/compose/test-env","Fresh compose DB was reachable but schema/data bootstrap was absent or incomplete (dominant errors: missing users/cases/rules/documents tables), causing cascade failures.","FAILED tests/integration/test_phase3b_deadline.py::test_assess_wrong_client_deadline_flags_mismatch"
"FAILED","tests/integration/test_phase3b_deadline.py::test_assess_without_client_deadline_no_mismatch_key","ENVIRONMENT","db/compose/test-env","Fresh compose DB was reachable but schema/data bootstrap was absent or incomplete (dominant errors: missing users/cases/rules/documents tables), causing cascade failures.","FAILED tests/integration/test_phase3b_deadline.py::test_assess_without_client_deadline_no_mismatch_key"
"FAILED","tests/integration/test_phase4b_bundle.py::test_preview_returns_all_four_components","ENVIRONMENT","payment","Fresh compose DB was reachable but schema/data bootstrap was absent or incomplete (dominant errors: missing users/cases/rules/documents tables), causing cascade failures.","FAILED tests/integration/test_phase4b_bundle.py::test_preview_returns_all_four_components"
"FAILED","tests/integration/test_phase4b_bundle.py::test_preview_payment_required_true","ENVIRONMENT","payment","Fresh compose DB was reachable but schema/data bootstrap was absent or incomplete (dominant errors: missing users/cases/rules/documents tables), causing cascade failures.","FAILED tests/integration/test_phase4b_bundle.py::test_preview_payment_required_true"
"FAILED","tests/integration/test_phase4b_bundle.py::test_preview_content_is_truncated","ENVIRONMENT","payment","Fresh compose DB was reachable but schema/data bootstrap was absent or incomplete (dominant errors: missing users/cases/rules/documents tables), causing cascade failures.","FAILED tests/integration/test_phase4b_bundle.py::test_preview_content_is_truncated"
"FAILED","tests/integration/test_phase4b_bundle.py::test_full_bundle_without_token_returns_payment_required","ENVIRONMENT","payment","Fresh compose DB was reachable but schema/data bootstrap was absent or incomplete (dominant errors: missing users/cases/rules/documents tables), causing cascade failures.","FAILED tests/integration/test_phase4b_bundle.py::test_full_bundle_without_token_returns_payment_required"
"FAILED","tests/integration/test_phase4b_bundle.py::test_full_bundle_with_paid_case_returns_full_content","ENVIRONMENT","payment","Fresh compose DB was reachable but schema/data bootstrap was absent or incomplete (dominant errors: missing users/cases/rules/documents tables), causing cascade failures.","FAILED tests/integration/test_phase4b_bundle.py::test_full_bundle_with_paid_case_returns_full_content"
"FAILED","tests/integration/test_phase4b_bundle.py::test_witness_statement_contains_employment_dates","ENVIRONMENT","payment","Fresh compose DB was reachable but schema/data bootstrap was absent or incomplete (dominant errors: missing users/cases/rules/documents tables), causing cascade failures.","FAILED tests/integration/test_phase4b_bundle.py::test_witness_statement_contains_employment_dates"
"FAILED","tests/integration/test_phase4b_bundle.py::test_chronology_contains_edt","ENVIRONMENT","payment","Fresh compose DB was reachable but schema/data bootstrap was absent or incomplete (dominant errors: missing users/cases/rules/documents tables), causing cascade failures.","FAILED tests/integration/test_phase4b_bundle.py::test_chronology_contains_edt"
"FAILED","tests/integration/test_phase4b_bundle.py::test_chronology_does_not_invent_missing_dates","ENVIRONMENT","payment","Fresh compose DB was reachable but schema/data bootstrap was absent or incomplete (dominant errors: missing users/cases/rules/documents tables), causing cascade failures.","FAILED tests/integration/test_phase4b_bundle.py::test_chronology_does_not_invent_missing_dates"
"FAILED","tests/integration/test_phase4b_bundle.py::test_evidence_checklist_contains_expected_categories","ENVIRONMENT","payment","Fresh compose DB was reachable but schema/data bootstrap was absent or incomplete (dominant errors: missing users/cases/rules/documents tables), causing cascade failures.","FAILED tests/integration/test_phase4b_bundle.py::test_evidence_checklist_contains_expected_categories"
"FAILED","tests/integration/test_phase4b_bundle.py::test_et1_support_notes_generated","ENVIRONMENT","payment","Fresh compose DB was reachable but schema/data bootstrap was absent or incomplete (dominant errors: missing users/cases/rules/documents tables), causing cascade failures.","FAILED tests/integration/test_phase4b_bundle.py::test_et1_support_notes_generated"
"FAILED","tests/integration/test_phase4b_bundle.py::test_et1_notes_do_not_say_we_will_file","ENVIRONMENT","payment","Fresh compose DB was reachable but schema/data bootstrap was absent or incomplete (dominant errors: missing users/cases/rules/documents tables), causing cascade failures.","FAILED tests/integration/test_phase4b_bundle.py::test_et1_notes_do_not_say_we_will_file"
"FAILED","tests/integration/test_phase4b_bundle.py::test_bundle_uses_confirmed_corrected_facts","ENVIRONMENT","payment","Fresh compose DB was reachable but schema/data bootstrap was absent or incomplete (dominant errors: missing users/cases/rules/documents tables), causing cascade failures.","FAILED tests/integration/test_phase4b_bundle.py::test_bundle_uses_confirmed_corrected_facts"
"FAILED","tests/integration/test_phase4b_bundle.py::test_bundle_does_not_use_unconfirmed_facts","ENVIRONMENT","payment","Fresh compose DB was reachable but schema/data bootstrap was absent or incomplete (dominant errors: missing users/cases/rules/documents tables), causing cascade failures.","FAILED tests/integration/test_phase4b_bundle.py::test_bundle_does_not_use_unconfirmed_facts"
"FAILED","tests/integration/test_phase4b_bundle.py::test_bundle_does_not_use_rejected_facts","ENVIRONMENT","payment","Fresh compose DB was reachable but schema/data bootstrap was absent or incomplete (dominant errors: missing users/cases/rules/documents tables), causing cascade failures.","FAILED tests/integration/test_phase4b_bundle.py::test_bundle_does_not_use_rejected_facts"
"FAILED","tests/integration/test_phase4b_bundle.py::test_bundle_metadata_saved_after_premium_generate","ENVIRONMENT","payment","Fresh compose DB was reachable but schema/data bootstrap was absent or incomplete (dominant errors: missing users/cases/rules/documents tables), causing cascade failures.","FAILED tests/integration/test_phase4b_bundle.py::test_bundle_metadata_saved_after_premium_generate"
"FAILED","tests/integration/test_phase4b_bundle.py::test_bundle_status_lists_all_components","ENVIRONMENT","payment","Fresh compose DB was reachable but schema/data bootstrap was absent or incomplete (dominant errors: missing users/cases/rules/documents tables), causing cascade failures.","FAILED tests/integration/test_phase4b_bundle.py::test_bundle_status_lists_all_components"
"FAILED","tests/integration/test_phase4b_bundle.py::test_legal_boundary_notice_in_every_component","ENVIRONMENT","payment","Fresh compose DB was reachable but schema/data bootstrap was absent or incomplete (dominant errors: missing users/cases/rules/documents tables), causing cascade failures.","FAILED tests/integration/test_phase4b_bundle.py::test_legal_boundary_notice_in_every_component"
"FAILED","tests/integration/test_phase4b_bundle.py::test_no_prohibited_phrases_in_bundle","ENVIRONMENT","payment","Fresh compose DB was reachable but schema/data bootstrap was absent or incomplete (dominant errors: missing users/cases/rules/documents tables), causing cascade failures.","FAILED tests/integration/test_phase4b_bundle.py::test_no_prohibited_phrases_in_bundle"
"FAILED","tests/integration/test_phase4b_bundle.py::test_safety_check_passes_for_all_components","ENVIRONMENT","payment","Fresh compose DB was reachable but schema/data bootstrap was absent or incomplete (dominant errors: missing users/cases/rules/documents tables), causing cascade failures.","FAILED tests/integration/test_phase4b_bundle.py::test_safety_check_passes_for_all_components"
"FAILED","tests/integration/test_phase4b_bundle.py::test_bundle_status_404_unknown_case","ENVIRONMENT","payment","Fresh compose DB was reachable but schema/data bootstrap was absent or incomplete (dominant errors: missing users/cases/rules/documents tables), causing cascade failures.","FAILED tests/integration/test_phase4b_bundle.py::test_bundle_status_404_unknown_case"
"FAILED","tests/integration/test_phase4b_bundle.py::test_phase4a_upload_regression","ENVIRONMENT","payment","Fresh compose DB was reachable but schema/data bootstrap was absent or incomplete (dominant errors: missing users/cases/rules/documents tables), causing cascade failures.","FAILED tests/integration/test_phase4b_bundle.py::test_phase4a_upload_regression"
"FAILED","tests/integration/test_phase4b_bundle.py::test_phase3c_document_generation_regression","ENVIRONMENT","payment","Fresh compose DB was reachable but schema/data bootstrap was absent or incomplete (dominant errors: missing users/cases/rules/documents tables), causing cascade failures.","FAILED tests/integration/test_phase4b_bundle.py::test_phase3c_document_generation_regression"
"FAILED","tests/integration/test_phase5b_unpaid_wages.py::test_unpaid_wages_rules_returned","ENVIRONMENT","db/compose/test-env","Fresh compose DB was reachable but schema/data bootstrap was absent or incomplete (dominant errors: missing users/cases/rules/documents tables), causing cascade failures.","FAILED tests/integration/test_phase5b_unpaid_wages.py::test_unpaid_wages_rules_returned"
"FAILED","tests/integration/test_phase5b_unpaid_wages.py::test_unpaid_wages_time_limit_is_3","ENVIRONMENT","db/compose/test-env","Fresh compose DB was reachable but schema/data bootstrap was absent or incomplete (dominant errors: missing users/cases/rules/documents tables), causing cascade failures.","FAILED tests/integration/test_phase5b_unpaid_wages.py::test_unpaid_wages_time_limit_is_3"
"FAILED","tests/integration/test_phase5b_unpaid_wages.py::test_unpaid_wages_qualifying_period_is_zero","ENVIRONMENT","db/compose/test-env","Fresh compose DB was reachable but schema/data bootstrap was absent or incomplete (dominant errors: missing users/cases/rules/documents tables), causing cascade failures.","FAILED tests/integration/test_phase5b_unpaid_wages.py::test_unpaid_wages_qualifying_period_is_zero"
"FAILED","tests/integration/test_phase5b_unpaid_wages.py::test_unpaid_wages_rules_have_authority_ref","ENVIRONMENT","db/compose/test-env","Fresh compose DB was reachable but schema/data bootstrap was absent or incomplete (dominant errors: missing users/cases/rules/documents tables), causing cascade failures.","FAILED tests/integration/test_phase5b_unpaid_wages.py::test_unpaid_wages_rules_have_authority_ref"
"FAILED","tests/integration/test_phase5b_unpaid_wages.py::test_unpaid_wages_assessment_returns_structured_output","ENVIRONMENT","db/compose/test-env","Fresh compose DB was reachable but schema/data bootstrap was absent or incomplete (dominant errors: missing users/cases/rules/documents tables), causing cascade failures.","FAILED tests/integration/test_phase5b_unpaid_wages.py::test_unpaid_wages_assessment_returns_structured_output"
"FAILED","tests/integration/test_phase5b_unpaid_wages.py::test_unpaid_wages_deadline_uses_wages_due_date","ENVIRONMENT","db/compose/test-env","Fresh compose DB was reachable but schema/data bootstrap was absent or incomplete (dominant errors: missing users/cases/rules/documents tables), causing cascade failures.","FAILED tests/integration/test_phase5b_unpaid_wages.py::test_unpaid_wages_deadline_uses_wages_due_date"
"FAILED","tests/integration/test_phase5b_unpaid_wages.py::test_letter_before_action_generates","ENVIRONMENT","db/compose/test-env","Fresh compose DB was reachable but schema/data bootstrap was absent or incomplete (dominant errors: missing users/cases/rules/documents tables), causing cascade failures.","FAILED tests/integration/test_phase5b_unpaid_wages.py::test_letter_before_action_generates"
"FAILED","tests/integration/test_phase5b_unpaid_wages.py::test_et1_support_notes_wages_generates","ENVIRONMENT","db/compose/test-env","Fresh compose DB was reachable but schema/data bootstrap was absent or incomplete (dominant errors: missing users/cases/rules/documents tables), causing cascade failures.","FAILED tests/integration/test_phase5b_unpaid_wages.py::test_et1_support_notes_wages_generates"
"FAILED","tests/integration/test_phase5b_unpaid_wages.py::test_wages_documents_include_legal_boundary","ENVIRONMENT","db/compose/test-env","Fresh compose DB was reachable but schema/data bootstrap was absent or incomplete (dominant errors: missing users/cases/rules/documents tables), causing cascade failures.","FAILED tests/integration/test_phase5b_unpaid_wages.py::test_wages_documents_include_legal_boundary"
"FAILED","tests/integration/test_phase5b_unpaid_wages.py::test_wages_documents_no_prohibited_phrases","ENVIRONMENT","db/compose/test-env","Fresh compose DB was reachable but schema/data bootstrap was absent or incomplete (dominant errors: missing users/cases/rules/documents tables), causing cascade failures.","FAILED tests/integration/test_phase5b_unpaid_wages.py::test_wages_documents_no_prohibited_phrases"
"FAILED","tests/integration/test_phase5b_unpaid_wages.py::test_letter_before_action_includes_amount","ENVIRONMENT","db/compose/test-env","Fresh compose DB was reachable but schema/data bootstrap was absent or incomplete (dominant errors: missing users/cases/rules/documents tables), causing cascade failures.","FAILED tests/integration/test_phase5b_unpaid_wages.py::test_letter_before_action_includes_amount"
"FAILED","tests/integration/test_phase5b_unpaid_wages.py::test_et1_notes_wages_do_not_say_we_will_file","ENVIRONMENT","db/compose/test-env","Fresh compose DB was reachable but schema/data bootstrap was absent or incomplete (dominant errors: missing users/cases/rules/documents tables), causing cascade failures.","FAILED tests/integration/test_phase5b_unpaid_wages.py::test_et1_notes_wages_do_not_say_we_will_file"
"FAILED","tests/integration/test_phase5b_unpaid_wages.py::test_unpaid_wages_case_saved_and_retrieved","ENVIRONMENT","db/compose/test-env","Fresh compose DB was reachable but schema/data bootstrap was absent or incomplete (dominant errors: missing users/cases/rules/documents tables), causing cascade failures.","FAILED tests/integration/test_phase5b_unpaid_wages.py::test_unpaid_wages_case_saved_and_retrieved"
"FAILED","tests/integration/test_phase5b_unpaid_wages.py::test_legal_accuracy_ci_gate_passes","ENVIRONMENT","db/compose/test-env","Fresh compose DB was reachable but schema/data bootstrap was absent or incomplete (dominant errors: missing users/cases/rules/documents tables), causing cascade failures.","FAILED tests/integration/test_phase5b_unpaid_wages.py::test_legal_accuracy_ci_gate_passes"
"FAILED","tests/integration/test_phase5b_unpaid_wages.py::test_unfair_dismissal_still_works","ENVIRONMENT","db/compose/test-env","Fresh compose DB was reachable but schema/data bootstrap was absent or incomplete (dominant errors: missing users/cases/rules/documents tables), causing cascade failures.","FAILED tests/integration/test_phase5b_unpaid_wages.py::test_unfair_dismissal_still_works"
"FAILED","tests/integration/test_phase6a_deployment.py::test_auth_none_allows_access_without_user_id","ENVIRONMENT","db/compose/test-env","Fresh compose DB was reachable but schema/data bootstrap was absent or incomplete (dominant errors: missing users/cases/rules/documents tables), causing cascade failures.","FAILED tests/integration/test_phase6a_deployment.py::test_auth_none_allows_access_without_user_id"
"FAILED","tests/integration/test_phase6a_deployment.py::test_mock_auth_associates_case_with_user","ENVIRONMENT","db/compose/test-env","Fresh compose DB was reachable but schema/data bootstrap was absent or incomplete (dominant errors: missing users/cases/rules/documents tables), causing cascade failures.","FAILED tests/integration/test_phase6a_deployment.py::test_mock_auth_associates_case_with_user"
"FAILED","tests/integration/test_phase6a_deployment.py::test_mock_auth_blocks_other_users_case","ENVIRONMENT","db/compose/test-env","Fresh compose DB was reachable but schema/data bootstrap was absent or incomplete (dominant errors: missing users/cases/rules/documents tables), causing cascade failures.","FAILED tests/integration/test_phase6a_deployment.py::test_mock_auth_blocks_other_users_case"
"FAILED","tests/integration/test_phase6a_deployment.py::test_mock_auth_allows_owner_access","ENVIRONMENT","db/compose/test-env","Fresh compose DB was reachable but schema/data bootstrap was absent or incomplete (dominant errors: missing users/cases/rules/documents tables), causing cascade failures.","FAILED tests/integration/test_phase6a_deployment.py::test_mock_auth_allows_owner_access"
"FAILED","tests/integration/test_phase6a_deployment.py::test_admin_key_overrides_user_auth","ENVIRONMENT","db/compose/test-env","Fresh compose DB was reachable but schema/data bootstrap was absent or incomplete (dominant errors: missing users/cases/rules/documents tables), causing cascade failures.","FAILED tests/integration/test_phase6a_deployment.py::test_admin_key_overrides_user_auth"
"FAILED","tests/integration/test_phase6a_deployment.py::test_document_gate_uses_db_paid_state","ENVIRONMENT","db/compose/test-env","Fresh compose DB was reachable but schema/data bootstrap was absent or incomplete (dominant errors: missing users/cases/rules/documents tables), causing cascade failures.","FAILED tests/integration/test_phase6a_deployment.py::test_document_gate_uses_db_paid_state"
"FAILED","tests/integration/test_phase6a_deployment.py::test_bundle_gate_uses_db_paid_state","ENVIRONMENT","db/compose/test-env","Fresh compose DB was reachable but schema/data bootstrap was absent or incomplete (dominant errors: missing users/cases/rules/documents tables), causing cascade failures.","FAILED tests/integration/test_phase6a_deployment.py::test_bundle_gate_uses_db_paid_state"
"FAILED","tests/integration/test_phase6a_deployment.py::test_production_readiness_includes_deployment_config","ENVIRONMENT","db/compose/test-env","Fresh compose DB was reachable but schema/data bootstrap was absent or incomplete (dominant errors: missing users/cases/rules/documents tables), causing cascade failures.","FAILED tests/integration/test_phase6a_deployment.py::test_production_readiness_includes_deployment_config"
"FAILED","tests/integration/test_phase6a_deployment.py::test_production_readiness_includes_auth_status","ENVIRONMENT","db/compose/test-env","Fresh compose DB was reachable but schema/data bootstrap was absent or incomplete (dominant errors: missing users/cases/rules/documents tables), causing cascade failures.","FAILED tests/integration/test_phase6a_deployment.py::test_production_readiness_includes_auth_status"
"FAILED","tests/integration/test_phase6a_deployment.py::test_production_readiness_includes_payment_status","ENVIRONMENT","payment","Fresh compose DB was reachable but schema/data bootstrap was absent or incomplete (dominant errors: missing users/cases/rules/documents tables), causing cascade failures.","FAILED tests/integration/test_phase6a_deployment.py::test_production_readiness_includes_payment_status"
"FAILED","tests/integration/test_phase6a_deployment.py::test_production_readiness_remains_not_ready","ENVIRONMENT","db/compose/test-env","Fresh compose DB was reachable but schema/data bootstrap was absent or incomplete (dominant errors: missing users/cases/rules/documents tables), causing cascade failures.","FAILED tests/integration/test_phase6a_deployment.py::test_production_readiness_remains_not_ready"
"FAILED","tests/integration/test_phase6a_deployment.py::test_ud_assessment_regression","ENVIRONMENT","db/compose/test-env","Fresh compose DB was reachable but schema/data bootstrap was absent or incomplete (dominant errors: missing users/cases/rules/documents tables), causing cascade failures.","FAILED tests/integration/test_phase6a_deployment.py::test_ud_assessment_regression"
"FAILED","tests/integration/test_phase6a_deployment.py::test_legal_accuracy_gate_regression","ENVIRONMENT","db/compose/test-env","Fresh compose DB was reachable but schema/data bootstrap was absent or incomplete (dominant errors: missing users/cases/rules/documents tables), causing cascade failures.","FAILED tests/integration/test_phase6a_deployment.py::test_legal_accuracy_gate_regression"
"FAILED","tests/integration/test_phase6b_beta_readiness.py::test_jwt_mode_parses_bearer_token","ENVIRONMENT","db/compose/test-env","Fresh compose DB was reachable but schema/data bootstrap was absent or incomplete (dominant errors: missing users/cases/rules/documents tables), causing cascade failures.","FAILED tests/integration/test_phase6b_beta_readiness.py::test_jwt_mode_parses_bearer_token"
"FAILED","tests/integration/test_phase6b_beta_readiness.py::test_case_owner_protection_regression","ENVIRONMENT","db/compose/test-env","Fresh compose DB was reachable but schema/data bootstrap was absent or incomplete (dominant errors: missing users/cases/rules/documents tables), causing cascade failures.","FAILED tests/integration/test_phase6b_beta_readiness.py::test_case_owner_protection_regression"
"FAILED","tests/integration/test_phase6b_beta_readiness.py::test_report_includes_controlled_beta_ready","ENVIRONMENT","db/compose/test-env","Fresh compose DB was reachable but schema/data bootstrap was absent or incomplete (dominant errors: missing users/cases/rules/documents tables), causing cascade failures.","FAILED tests/integration/test_phase6b_beta_readiness.py::test_report_includes_controlled_beta_ready"
"FAILED","tests/integration/test_phase6b_beta_readiness.py::test_report_includes_controlled_beta_blockers","ENVIRONMENT","db/compose/test-env","Fresh compose DB was reachable but schema/data bootstrap was absent or incomplete (dominant errors: missing users/cases/rules/documents tables), causing cascade failures.","FAILED tests/integration/test_phase6b_beta_readiness.py::test_report_includes_controlled_beta_blockers"
"FAILED","tests/integration/test_phase6b_beta_readiness.py::test_report_has_production_ready_separate_from_beta","ENVIRONMENT","db/compose/test-env","Fresh compose DB was reachable but schema/data bootstrap was absent or incomplete (dominant errors: missing users/cases/rules/documents tables), causing cascade failures.","FAILED tests/integration/test_phase6b_beta_readiness.py::test_report_has_production_ready_separate_from_beta"
"FAILED","tests/integration/test_phase6b_beta_readiness.py::test_report_includes_key_management","ENVIRONMENT","db/compose/test-env","Fresh compose DB was reachable but schema/data bootstrap was absent or incomplete (dominant errors: missing users/cases/rules/documents tables), causing cascade failures.","FAILED tests/integration/test_phase6b_beta_readiness.py::test_report_includes_key_management"
"FAILED","tests/integration/test_phase6b_beta_readiness.py::test_report_includes_compliance","ENVIRONMENT","db/compose/test-env","Fresh compose DB was reachable but schema/data bootstrap was absent or incomplete (dominant errors: missing users/cases/rules/documents tables), causing cascade failures.","FAILED tests/integration/test_phase6b_beta_readiness.py::test_report_includes_compliance"
"FAILED","tests/integration/test_phase6b_beta_readiness.py::test_payment_gate_still_works","ENVIRONMENT","payment","Fresh compose DB was reachable but schema/data bootstrap was absent or incomplete (dominant errors: missing users/cases/rules/documents tables), causing cascade failures.","FAILED tests/integration/test_phase6b_beta_readiness.py::test_payment_gate_still_works"
"FAILED","tests/integration/test_phase6b_beta_readiness.py::test_legal_accuracy_gate_regression","ENVIRONMENT","db/compose/test-env","Fresh compose DB was reachable but schema/data bootstrap was absent or incomplete (dominant errors: missing users/cases/rules/documents tables), causing cascade failures.","FAILED tests/integration/test_phase6b_beta_readiness.py::test_legal_accuracy_gate_regression"
"FAILED","tests/integration/test_phase6c_jwt.py::test_token_value_not_in_response","ENVIRONMENT","db/compose/test-env","Fresh compose DB was reachable but schema/data bootstrap was absent or incomplete (dominant errors: missing users/cases/rules/documents tables), causing cascade failures.","FAILED tests/integration/test_phase6c_jwt.py::test_token_value_not_in_response"
"FAILED","tests/integration/test_phase6c_jwt.py::test_jwt_mode_valid_token_allows_case_access","ENVIRONMENT","db/compose/test-env","Fresh compose DB was reachable but schema/data bootstrap was absent or incomplete (dominant errors: missing users/cases/rules/documents tables), causing cascade failures.","FAILED tests/integration/test_phase6c_jwt.py::test_jwt_mode_valid_token_allows_case_access"
"FAILED","tests/integration/test_phase6c_jwt.py::test_mock_mode_still_works","ENVIRONMENT","db/compose/test-env","Fresh compose DB was reachable but schema/data bootstrap was absent or incomplete (dominant errors: missing users/cases/rules/documents tables), causing cascade failures.","FAILED tests/integration/test_phase6c_jwt.py::test_mock_mode_still_works - as..."
"FAILED","tests/integration/test_phase6c_jwt.py::test_readiness_report_shows_jwt_implemented","ENVIRONMENT","db/compose/test-env","Fresh compose DB was reachable but schema/data bootstrap was absent or incomplete (dominant errors: missing users/cases/rules/documents tables), causing cascade failures.","FAILED tests/integration/test_phase6c_jwt.py::test_readiness_report_shows_jwt_implemented"
"FAILED","tests/integration/test_phase6c_jwt.py::test_controlled_beta_ready_remains_false","ENVIRONMENT","db/compose/test-env","Fresh compose DB was reachable but schema/data bootstrap was absent or incomplete (dominant errors: missing users/cases/rules/documents tables), causing cascade failures.","FAILED tests/integration/test_phase6c_jwt.py::test_controlled_beta_ready_remains_false"
"FAILED","tests/integration/test_phase6c_jwt.py::test_production_ready_remains_false","ENVIRONMENT","db/compose/test-env","Fresh compose DB was reachable but schema/data bootstrap was absent or incomplete (dominant errors: missing users/cases/rules/documents tables), causing cascade failures.","FAILED tests/integration/test_phase6c_jwt.py::test_production_ready_remains_false"
"FAILED","tests/integration/test_phase6c_jwt.py::test_legal_accuracy_gate_regression","ENVIRONMENT","db/compose/test-env","Fresh compose DB was reachable but schema/data bootstrap was absent or incomplete (dominant errors: missing users/cases/rules/documents tables), causing cascade failures.","FAILED tests/integration/test_phase6c_jwt.py::test_legal_accuracy_gate_regression"
"FAILED","tests/integration/test_phase6c_jwt.py::test_rules_verification_gate_regression","ENVIRONMENT","db/compose/test-env","Fresh compose DB was reachable but schema/data bootstrap was absent or incomplete (dominant errors: missing users/cases/rules/documents tables), causing cascade failures.","FAILED tests/integration/test_phase6c_jwt.py::test_rules_verification_gate_regression"
"FAILED","tests/integration/test_phase6d_compliance.py::test_controlled_beta_ready_remains_false_current_state","ENVIRONMENT","db/compose/test-env","Fresh compose DB was reachable but schema/data bootstrap was absent or incomplete (dominant errors: missing users/cases/rules/documents tables), causing cascade failures.","FAILED tests/integration/test_phase6d_compliance.py::test_controlled_beta_ready_remains_false_current_state"
"FAILED","tests/integration/test_phase6d_compliance.py::test_production_readiness_compliance_has_required_evidence","ENVIRONMENT","db/compose/test-env","Fresh compose DB was reachable but schema/data bootstrap was absent or incomplete (dominant errors: missing users/cases/rules/documents tables), causing cascade failures.","FAILED tests/integration/test_phase6d_compliance.py::test_production_readiness_compliance_has_required_evidence"
"FAILED","tests/integration/test_phase6d_compliance.py::test_legal_accuracy_gate_regression","ENVIRONMENT","db/compose/test-env","Fresh compose DB was reachable but schema/data bootstrap was absent or incomplete (dominant errors: missing users/cases/rules/documents tables), causing cascade failures.","FAILED tests/integration/test_phase6d_compliance.py::test_legal_accuracy_gate_regression"
"FAILED","tests/integration/test_phase6d_compliance.py::test_rules_verification_gate_regression","ENVIRONMENT","db/compose/test-env","Fresh compose DB was reachable but schema/data bootstrap was absent or incomplete (dominant errors: missing users/cases/rules/documents tables), causing cascade failures.","FAILED tests/integration/test_phase6d_compliance.py::test_rules_verification_gate_regression"
"FAILED","tests/integration/test_phase6e_prelaunch.py::test_report_includes_controlled_beta_next_steps","ENVIRONMENT","db/compose/test-env","Fresh compose DB was reachable but schema/data bootstrap was absent or incomplete (dominant errors: missing users/cases/rules/documents tables), causing cascade failures.","FAILED tests/integration/test_phase6e_prelaunch.py::test_report_includes_controlled_beta_next_steps"
"FAILED","tests/integration/test_phase6e_prelaunch.py::test_next_steps_are_ordered","ENVIRONMENT","db/compose/test-env","Fresh compose DB was reachable but schema/data bootstrap was absent or incomplete (dominant errors: missing users/cases/rules/documents tables), causing cascade failures.","FAILED tests/integration/test_phase6e_prelaunch.py::test_next_steps_are_ordered"
"FAILED","tests/integration/test_phase6e_prelaunch.py::test_dpia_review_is_first_priority","ENVIRONMENT","db/compose/test-env","Fresh compose DB was reachable but schema/data bootstrap was absent or incomplete (dominant errors: missing users/cases/rules/documents tables), causing cascade failures.","FAILED tests/integration/test_phase6e_prelaunch.py::test_dpia_review_is_first_priority"
"FAILED","tests/integration/test_phase6e_prelaunch.py::test_privacy_review_is_second_priority","ENVIRONMENT","db/compose/test-env","Fresh compose DB was reachable but schema/data bootstrap was absent or incomplete (dominant errors: missing users/cases/rules/documents tables), causing cascade failures.","FAILED tests/integration/test_phase6e_prelaunch.py::test_privacy_review_is_second_priority"
"FAILED","tests/integration/test_phase6e_prelaunch.py::test_next_steps_include_human_review_type","ENVIRONMENT","db/compose/test-env","Fresh compose DB was reachable but schema/data bootstrap was absent or incomplete (dominant errors: missing users/cases/rules/documents tables), causing cascade failures.","FAILED tests/integration/test_phase6e_prelaunch.py::test_next_steps_include_human_review_type"
"FAILED","tests/integration/test_phase6e_prelaunch.py::test_report_includes_runbook_reference","ENVIRONMENT","db/compose/test-env","Fresh compose DB was reachable but schema/data bootstrap was absent or incomplete (dominant errors: missing users/cases/rules/documents tables), causing cascade failures.","FAILED tests/integration/test_phase6e_prelaunch.py::test_report_includes_runbook_reference"
"FAILED","tests/integration/test_phase6e_prelaunch.py::test_report_includes_beta_readiness_script_reference","ENVIRONMENT","db/compose/test-env","Fresh compose DB was reachable but schema/data bootstrap was absent or incomplete (dominant errors: missing users/cases/rules/documents tables), causing cascade failures.","FAILED tests/integration/test_phase6e_prelaunch.py::test_report_includes_beta_readiness_script_reference"
"FAILED","tests/integration/test_phase6e_prelaunch.py::test_controlled_beta_ready_still_false","ENVIRONMENT","db/compose/test-env","Fresh compose DB was reachable but schema/data bootstrap was absent or incomplete (dominant errors: missing users/cases/rules/documents tables), causing cascade failures.","FAILED tests/integration/test_phase6e_prelaunch.py::test_controlled_beta_ready_still_false"
"FAILED","tests/integration/test_phase6e_prelaunch.py::test_next_steps_is_nonempty","ENVIRONMENT","db/compose/test-env","Fresh compose DB was reachable but schema/data bootstrap was absent or incomplete (dominant errors: missing users/cases/rules/documents tables), causing cascade failures.","FAILED tests/integration/test_phase6e_prelaunch.py::test_next_steps_is_nonempty"
"FAILED","tests/integration/test_phase6e_prelaunch.py::test_next_steps_include_steps_for_missing_env_vars","ENVIRONMENT","db/compose/test-env","Fresh compose DB was reachable but schema/data bootstrap was absent or incomplete (dominant errors: missing users/cases/rules/documents tables), causing cascade failures.","FAILED tests/integration/test_phase6e_prelaunch.py::test_next_steps_include_steps_for_missing_env_vars"
"FAILED","tests/integration/test_phase6e_prelaunch.py::test_legal_accuracy_gate_regression","ENVIRONMENT","db/compose/test-env","Fresh compose DB was reachable but schema/data bootstrap was absent or incomplete (dominant errors: missing users/cases/rules/documents tables), causing cascade failures.","FAILED tests/integration/test_phase6e_prelaunch.py::test_legal_accuracy_gate_regression"
"FAILED","tests/integration/test_phase6e_prelaunch.py::test_rules_verification_gate_regression","ENVIRONMENT","db/compose/test-env","Fresh compose DB was reachable but schema/data bootstrap was absent or incomplete (dominant errors: missing users/cases/rules/documents tables), causing cascade failures.","FAILED tests/integration/test_phase6e_prelaunch.py::test_rules_verification_gate_regression"
"FAILED","tests/integration/test_phase7b_kms.py::test_readiness_shows_key_provider_name","ENVIRONMENT","db/compose/test-env","Fresh compose DB was reachable but schema/data bootstrap was absent or incomplete (dominant errors: missing users/cases/rules/documents tables), causing cascade failures.","FAILED tests/integration/test_phase7b_kms.py::test_readiness_shows_key_provider_name"
"FAILED","tests/integration/test_phase7b_kms.py::test_readiness_key_management_section_present","ENVIRONMENT","db/compose/test-env","Fresh compose DB was reachable but schema/data bootstrap was absent or incomplete (dominant errors: missing users/cases/rules/documents tables), causing cascade failures.","FAILED tests/integration/test_phase7b_kms.py::test_readiness_key_management_section_present"
"FAILED","tests/integration/test_phase7b_kms.py::test_production_ready_still_false","ENVIRONMENT","db/compose/test-env","Fresh compose DB was reachable but schema/data bootstrap was absent or incomplete (dominant errors: missing users/cases/rules/documents tables), causing cascade failures.","FAILED tests/integration/test_phase7b_kms.py::test_production_ready_still_false"
"FAILED","tests/integration/test_phase7b_kms.py::test_legal_accuracy_gate_regression","ENVIRONMENT","db/compose/test-env","Fresh compose DB was reachable but schema/data bootstrap was absent or incomplete (dominant errors: missing users/cases/rules/documents tables), causing cascade failures.","FAILED tests/integration/test_phase7b_kms.py::test_legal_accuracy_gate_regression"
"FAILED","tests/integration/test_phase7b_kms.py::test_rules_verification_gate_regression","ENVIRONMENT","db/compose/test-env","Fresh compose DB was reachable but schema/data bootstrap was absent or incomplete (dominant errors: missing users/cases/rules/documents tables), causing cascade failures.","FAILED tests/integration/test_phase7b_kms.py::test_rules_verification_gate_regression"
"FAILED","tests/integration/test_phase7c_aws_kms.py::test_production_readiness_kms_not_checked_by_default","ENVIRONMENT","db/compose/test-env","Fresh compose DB was reachable but schema/data bootstrap was absent or incomplete (dominant errors: missing users/cases/rules/documents tables), causing cascade failures.","FAILED tests/integration/test_phase7c_aws_kms.py::test_production_readiness_kms_not_checked_by_default"
"FAILED","tests/integration/test_phase7c_aws_kms.py::test_production_readiness_health_check_true_shows_connected","ENVIRONMENT","db/compose/test-env","Fresh compose DB was reachable but schema/data bootstrap was absent or incomplete (dominant errors: missing users/cases/rules/documents tables), causing cascade failures.","FAILED tests/integration/test_phase7c_aws_kms.py::test_production_readiness_health_check_true_shows_connected"
"FAILED","tests/integration/test_phase7c_aws_kms.py::test_production_readiness_health_check_failure_shows_disconnected","ENVIRONMENT","db/compose/test-env","Fresh compose DB was reachable but schema/data bootstrap was absent or incomplete (dominant errors: missing users/cases/rules/documents tables), causing cascade failures.","FAILED tests/integration/test_phase7c_aws_kms.py::test_production_readiness_health_check_failure_shows_disconnected"
"FAILED","tests/integration/test_phase7c_aws_kms.py::test_readiness_shows_key_provider_name","ENVIRONMENT","db/compose/test-env","Fresh compose DB was reachable but schema/data bootstrap was absent or incomplete (dominant errors: missing users/cases/rules/documents tables), causing cascade failures.","FAILED tests/integration/test_phase7c_aws_kms.py::test_readiness_shows_key_provider_name"
"FAILED","tests/integration/test_phase7c_aws_kms.py::test_legal_accuracy_gate_regression","ENVIRONMENT","db/compose/test-env","Fresh compose DB was reachable but schema/data bootstrap was absent or incomplete (dominant errors: missing users/cases/rules/documents tables), causing cascade failures.","FAILED tests/integration/test_phase7c_aws_kms.py::test_legal_accuracy_gate_regression"
"FAILED","tests/integration/test_phase8b_algorithm_brain.py::test_reason_produces_valid_assessment_shape","REAL DEFECT","intake/diagnosis","Non-environment assertion or exception; inspect before fixing.","FAILED tests/integration/test_phase8b_algorithm_brain.py::test_reason_produces_valid_assessment_shape"
"FAILED","tests/integration/test_phase8b_algorithm_brain.py::test_deterministic_upgrade_rich_facts","REAL DEFECT","intake/diagnosis","Non-environment assertion or exception; inspect before fixing.","FAILED tests/integration/test_phase8b_algorithm_brain.py::test_deterministic_upgrade_rich_facts"
"FAILED","tests/integration/test_phase8b_algorithm_brain.py::test_pii_stripped_before_model_boundary","REAL DEFECT","intake/diagnosis","Non-environment assertion or exception; inspect before fixing.","FAILED tests/integration/test_phase8b_algorithm_brain.py::test_pii_stripped_before_model_boundary"
"FAILED","tests/integration/test_phase8b_algorithm_brain.py::test_readiness_has_reasoning_model_section","REAL DEFECT","intake/diagnosis","Non-environment assertion or exception; inspect before fixing.","FAILED tests/integration/test_phase8b_algorithm_brain.py::test_readiness_has_reasoning_model_section"
"FAILED","tests/integration/test_phase8b_algorithm_brain.py::test_readiness_reasoning_model_reflects_local_only_policy","REAL DEFECT","intake/diagnosis","Non-environment assertion or exception; inspect before fixing.","FAILED tests/integration/test_phase8b_algorithm_brain.py::test_readiness_reasoning_model_reflects_local_only_policy"
"FAILED","tests/integration/test_phase8b_algorithm_brain.py::test_legal_accuracy_gate_passes","ENVIRONMENT","intake/diagnosis","Fresh compose DB was reachable but schema/data bootstrap was absent or incomplete (dominant errors: missing users/cases/rules/documents tables), causing cascade failures.","FAILED tests/integration/test_phase8b_algorithm_brain.py::test_legal_accuracy_gate_passes"
"FAILED","tests/integration/test_phase8b_algorithm_brain.py::test_rules_verification_gate_passes","ENVIRONMENT","intake/diagnosis","Fresh compose DB was reachable but schema/data bootstrap was absent or incomplete (dominant errors: missing users/cases/rules/documents tables), causing cascade failures.","FAILED tests/integration/test_phase8b_algorithm_brain.py::test_rules_verification_gate_passes"
"FAILED","tests/integration/test_pipeline_stub.py::test_ud_with_stub_gets_rules_retrieved","ENVIRONMENT","db/compose/test-env","Fresh compose DB was reachable but schema/data bootstrap was absent or incomplete (dominant errors: missing users/cases/rules/documents tables), causing cascade failures.","FAILED tests/integration/test_pipeline_stub.py::test_ud_with_stub_gets_rules_retrieved"
"FAILED","tests/integration/test_pipeline_stub.py::test_stub_governance_routes_to_insufficient_grounding","REAL DEFECT","backend/tests","Non-environment assertion or exception; inspect before fixing.","FAILED tests/integration/test_pipeline_stub.py::test_stub_governance_routes_to_insufficient_grounding"
"FAILED","tests/integration/test_retrieve_rules.py::test_prospective_rows_never_returned","ENVIRONMENT","db/compose/test-env","Fresh compose DB was reachable but schema/data bootstrap was absent or incomplete (dominant errors: missing users/cases/rules/documents tables), causing cascade failures.","FAILED tests/integration/test_retrieve_rules.py::test_prospective_rows_never_returned"
"FAILED","tests/integration/test_retrieve_rules.py::test_time_limit_is_3_months_not_6","ENVIRONMENT","db/compose/test-env","Fresh compose DB was reachable but schema/data bootstrap was absent or incomplete (dominant errors: missing users/cases/rules/documents tables), causing cascade failures.","FAILED tests/integration/test_retrieve_rules.py::test_time_limit_is_3_months_not_6"
"FAILED","tests/integration/test_retrieve_rules.py::test_qualifying_period_is_2_years_not_6_months","ENVIRONMENT","db/compose/test-env","Fresh compose DB was reachable but schema/data bootstrap was absent or incomplete (dominant errors: missing users/cases/rules/documents tables), causing cascade failures.","FAILED tests/integration/test_retrieve_rules.py::test_qualifying_period_is_2_years_not_6_months"
"FAILED","tests/integration/test_retrieve_rules.py::test_compensatory_cap_is_not_uncapped","ENVIRONMENT","db/compose/test-env","Fresh compose DB was reachable but schema/data bootstrap was absent or incomplete (dominant errors: missing users/cases/rules/documents tables), causing cascade failures.","FAILED tests/integration/test_retrieve_rules.py::test_compensatory_cap_is_not_uncapped"
"FAILED","tests/integration/test_retrieve_rules.py::test_cap_for_edt_before_6_apr_2026","ENVIRONMENT","db/compose/test-env","Fresh compose DB was reachable but schema/data bootstrap was absent or incomplete (dominant errors: missing users/cases/rules/documents tables), causing cascade failures.","FAILED tests/integration/test_retrieve_rules.py::test_cap_for_edt_before_6_apr_2026"
"FAILED","tests/integration/test_retrieve_rules.py::test_cap_for_edt_on_or_after_6_apr_2026","ENVIRONMENT","db/compose/test-env","Fresh compose DB was reachable but schema/data bootstrap was absent or incomplete (dominant errors: missing users/cases/rules/documents tables), causing cascade failures.","FAILED tests/integration/test_retrieve_rules.py::test_cap_for_edt_on_or_after_6_apr_2026"
"FAILED","tests/integration/test_retrieve_rules.py::test_weeks_pay_cap_for_2026","ENVIRONMENT","db/compose/test-env","Fresh compose DB was reachable but schema/data bootstrap was absent or incomplete (dominant errors: missing users/cases/rules/documents tables), causing cascade failures.","FAILED tests/integration/test_retrieve_rules.py::test_weeks_pay_cap_for_2026"
"FAILED","tests/integration/test_retrieve_rules.py::test_weeks_pay_cap_for_2025","ENVIRONMENT","db/compose/test-env","Fresh compose DB was reachable but schema/data bootstrap was absent or incomplete (dominant errors: missing users/cases/rules/documents tables), causing cascade failures.","FAILED tests/integration/test_retrieve_rules.py::test_weeks_pay_cap_for_2025"
"FAILED","tests/integration/test_retrieve_rules.py::test_all_rules_have_citations","ENVIRONMENT","db/compose/test-env","Fresh compose DB was reachable but schema/data bootstrap was absent or incomplete (dominant errors: missing users/cases/rules/documents tables), causing cascade failures.","FAILED tests/integration/test_retrieve_rules.py::test_all_rules_have_citations"
"FAILED","tests/integration/test_retrieve_rules.py::test_ec_requirement_returned","ENVIRONMENT","db/compose/test-env","Fresh compose DB was reachable but schema/data bootstrap was absent or incomplete (dominant errors: missing users/cases/rules/documents tables), causing cascade failures.","FAILED tests/integration/test_retrieve_rules.py::test_ec_requirement_returned"
"FAILED","tests/integration/test_rules_canonical.py::test_no_duplicate_or_unknown_rule_key_series","ENVIRONMENT","db/compose/test-env","Fresh compose DB was reachable but schema/data bootstrap was absent or incomplete (dominant errors: missing users/cases/rules/documents tables), causing cascade failures.","FAILED tests/integration/test_rules_canonical.py::test_no_duplicate_or_unknown_rule_key_series"
"FAILED","tests/integration/test_rules_canonical.py::test_all_canonical_keys_present","ENVIRONMENT","db/compose/test-env","Fresh compose DB was reachable but schema/data bootstrap was absent or incomplete (dominant errors: missing users/cases/rules/documents tables), causing cascade failures.","FAILED tests/integration/test_rules_canonical.py::test_all_canonical_keys_present"
"FAILED","tests/integration/test_rules_canonical.py::test_no_prospective_rows_returned_by_live_query","ENVIRONMENT","db/compose/test-env","Fresh compose DB was reachable but schema/data bootstrap was absent or incomplete (dominant errors: missing users/cases/rules/documents tables), causing cascade failures.","FAILED tests/integration/test_rules_canonical.py::test_no_prospective_rows_returned_by_live_query"
"FAILED","tests/integration/test_rules_canonical.py::test_each_monetary_rule_has_exactly_one_current_row_per_edt","ENVIRONMENT","db/compose/test-env","Fresh compose DB was reachable but schema/data bootstrap was absent or incomplete (dominant errors: missing users/cases/rules/documents tables), causing cascade failures.","FAILED tests/integration/test_rules_canonical.py::test_each_monetary_rule_has_exactly_one_current_row_per_edt"
"FAILED","tests/integration/test_rules_deadline_phase1.py::test_current_edt_returns_2026_cap","ENVIRONMENT","db/compose/test-env","Fresh compose DB was reachable but schema/data bootstrap was absent or incomplete (dominant errors: missing users/cases/rules/documents tables), causing cascade failures.","FAILED tests/integration/test_rules_deadline_phase1.py::test_current_edt_returns_2026_cap"
"FAILED","tests/integration/test_rules_deadline_phase1.py::test_older_edt_returns_prior_cap","ENVIRONMENT","db/compose/test-env","Fresh compose DB was reachable but schema/data bootstrap was absent or incomplete (dominant errors: missing users/cases/rules/documents tables), causing cascade failures.","FAILED tests/integration/test_rules_deadline_phase1.py::test_older_edt_returns_prior_cap"
"FAILED","tests/integration/test_rules_deadline_phase1.py::test_current_edt_weeks_pay_751","ENVIRONMENT","db/compose/test-env","Fresh compose DB was reachable but schema/data bootstrap was absent or incomplete (dominant errors: missing users/cases/rules/documents tables), causing cascade failures.","FAILED tests/integration/test_rules_deadline_phase1.py::test_current_edt_weeks_pay_751"
"FAILED","tests/integration/test_rules_deadline_phase1.py::test_older_edt_weeks_pay_719","ENVIRONMENT","db/compose/test-env","Fresh compose DB was reachable but schema/data bootstrap was absent or incomplete (dominant errors: missing users/cases/rules/documents tables), causing cascade failures.","FAILED tests/integration/test_rules_deadline_phase1.py::test_older_edt_weeks_pay_719"
"FAILED","tests/integration/test_rules_deadline_phase1.py::test_prospective_rows_never_returned","ENVIRONMENT","db/compose/test-env","Fresh compose DB was reachable but schema/data bootstrap was absent or incomplete (dominant errors: missing users/cases/rules/documents tables), causing cascade failures.","FAILED tests/integration/test_rules_deadline_phase1.py::test_prospective_rows_never_returned"
"FAILED","tests/integration/test_rules_deadline_phase1.py::test_time_limit_is_3_months","ENVIRONMENT","db/compose/test-env","Fresh compose DB was reachable but schema/data bootstrap was absent or incomplete (dominant errors: missing users/cases/rules/documents tables), causing cascade failures.","FAILED tests/integration/test_rules_deadline_phase1.py::test_time_limit_is_3_months"
"FAILED","tests/integration/test_rules_deadline_phase1.py::test_qualifying_period_is_2_years","ENVIRONMENT","db/compose/test-env","Fresh compose DB was reachable but schema/data bootstrap was absent or incomplete (dominant errors: missing users/cases/rules/documents tables), causing cascade failures.","FAILED tests/integration/test_rules_deadline_phase1.py::test_qualifying_period_is_2_years"
"FAILED","tests/integration/test_rules_deadline_phase1.py::test_ec_required_returned","ENVIRONMENT","db/compose/test-env","Fresh compose DB was reachable but schema/data bootstrap was absent or incomplete (dominant errors: missing users/cases/rules/documents tables), causing cascade failures.","FAILED tests/integration/test_rules_deadline_phase1.py::test_ec_required_returned"
"FAILED","tests/integration/test_rules_deadline_phase1.py::test_all_rules_have_citations","ENVIRONMENT","db/compose/test-env","Fresh compose DB was reachable but schema/data bootstrap was absent or incomplete (dominant errors: missing users/cases/rules/documents tables), causing cascade failures.","FAILED tests/integration/test_rules_deadline_phase1.py::test_all_rules_have_citations"
"FAILED","tests/knowledge_graph/test_knowledge_graph.py::TestLegalNodesSchema::test_legal_nodes_table_exists","ENVIRONMENT","db/compose/test-env","Fresh compose DB was reachable but schema/data bootstrap was absent or incomplete (dominant errors: missing users/cases/rules/documents tables), causing cascade failures.","FAILED tests/knowledge_graph/test_knowledge_graph.py::TestLegalNodesSchema::test_legal_nodes_table_exists"
"FAILED","tests/knowledge_graph/test_knowledge_graph.py::TestLegalNodesSchema::test_ud_claim_node_exists","ENVIRONMENT","db/compose/test-env","Fresh compose DB was reachable but schema/data bootstrap was absent or incomplete (dominant errors: missing users/cases/rules/documents tables), causing cascade failures.","FAILED tests/knowledge_graph/test_knowledge_graph.py::TestLegalNodesSchema::test_ud_claim_node_exists"
"FAILED","tests/knowledge_graph/test_knowledge_graph.py::TestLegalNodesSchema::test_upw_claim_node_exists","ENVIRONMENT","db/compose/test-env","Fresh compose DB was reachable but schema/data bootstrap was absent or incomplete (dominant errors: missing users/cases/rules/documents tables), causing cascade failures.","FAILED tests/knowledge_graph/test_knowledge_graph.py::TestLegalNodesSchema::test_upw_claim_node_exists"
"FAILED","tests/knowledge_graph/test_knowledge_graph.py::TestLegalNodesSchema::test_qualifying_period_node_exists","ENVIRONMENT","db/compose/test-env","Fresh compose DB was reachable but schema/data bootstrap was absent or incomplete (dominant errors: missing users/cases/rules/documents tables), causing cascade failures.","FAILED tests/knowledge_graph/test_knowledge_graph.py::TestLegalNodesSchema::test_qualifying_period_node_exists"
"FAILED","tests/knowledge_graph/test_knowledge_graph.py::TestLegalNodesSchema::test_limitation_date_node_exists","ENVIRONMENT","db/compose/test-env","Fresh compose DB was reachable but schema/data bootstrap was absent or incomplete (dominant errors: missing users/cases/rules/documents tables), causing cascade failures.","FAILED tests/knowledge_graph/test_knowledge_graph.py::TestLegalNodesSchema::test_limitation_date_node_exists"
"FAILED","tests/knowledge_graph/test_knowledge_graph.py::TestLegalNodesSchema::test_acas_ec_node_exists","ENVIRONMENT","db/compose/test-env","Fresh compose DB was reachable but schema/data bootstrap was absent or incomplete (dominant errors: missing users/cases/rules/documents tables), causing cascade failures.","FAILED tests/knowledge_graph/test_knowledge_graph.py::TestLegalNodesSchema::test_acas_ec_node_exists"
"FAILED","tests/knowledge_graph/test_knowledge_graph.py::TestLegalNodesSchema::test_all_nodes_have_source_ref","ENVIRONMENT","db/compose/test-env","Fresh compose DB was reachable but schema/data bootstrap was absent or incomplete (dominant errors: missing users/cases/rules/documents tables), causing cascade failures.","FAILED tests/knowledge_graph/test_knowledge_graph.py::TestLegalNodesSchema::test_all_nodes_have_source_ref"
"FAILED","tests/knowledge_graph/test_knowledge_graph.py::TestLegalNodesSchema::test_all_nodes_have_authority_level","ENVIRONMENT","db/compose/test-env","Fresh compose DB was reachable but schema/data bootstrap was absent or incomplete (dominant errors: missing users/cases/rules/documents tables), causing cascade failures.","FAILED tests/knowledge_graph/test_knowledge_graph.py::TestLegalNodesSchema::test_all_nodes_have_authority_level"
"FAILED","tests/knowledge_graph/test_knowledge_graph.py::TestLegalNodesSchema::test_node_types_are_valid","ENVIRONMENT","db/compose/test-env","Fresh compose DB was reachable but schema/data bootstrap was absent or incomplete (dominant errors: missing users/cases/rules/documents tables), causing cascade failures.","FAILED tests/knowledge_graph/test_knowledge_graph.py::TestLegalNodesSchema::test_node_types_are_valid"
"FAILED","tests/knowledge_graph/test_knowledge_graph.py::TestLegalEdgesSchema::test_legal_edges_table_exists","ENVIRONMENT","db/compose/test-env","Fresh compose DB was reachable but schema/data bootstrap was absent or incomplete (dominant errors: missing users/cases/rules/documents tables), causing cascade failures.","FAILED tests/knowledge_graph/test_knowledge_graph.py::TestLegalEdgesSchema::test_legal_edges_table_exists"
"FAILED","tests/knowledge_graph/test_knowledge_graph.py::TestLegalEdgesSchema::test_ud_requires_qualifying_service","ENVIRONMENT","db/compose/test-env","Fresh compose DB was reachable but schema/data bootstrap was absent or incomplete (dominant errors: missing users/cases/rules/documents tables), causing cascade failures.","FAILED tests/knowledge_graph/test_knowledge_graph.py::TestLegalEdgesSchema::test_ud_requires_qualifying_service"
"FAILED","tests/knowledge_graph/test_knowledge_graph.py::TestLegalEdgesSchema::test_ud_requires_acas_ec","ENVIRONMENT","db/compose/test-env","Fresh compose DB was reachable but schema/data bootstrap was absent or incomplete (dominant errors: missing users/cases/rules/documents tables), causing cascade failures.","FAILED tests/knowledge_graph/test_knowledge_graph.py::TestLegalEdgesSchema::test_ud_requires_acas_ec"
"FAILED","tests/knowledge_graph/test_knowledge_graph.py::TestLegalEdgesSchema::test_ud_applies_to_limitation_date","ENVIRONMENT","db/compose/test-env","Fresh compose DB was reachable but schema/data bootstrap was absent or incomplete (dominant errors: missing users/cases/rules/documents tables), causing cascade failures.","FAILED tests/knowledge_graph/test_knowledge_graph.py::TestLegalEdgesSchema::test_ud_applies_to_limitation_date"
"FAILED","tests/knowledge_graph/test_knowledge_graph.py::TestLegalEdgesSchema::test_ud_leads_to_basic_award","ENVIRONMENT","db/compose/test-env","Fresh compose DB was reachable but schema/data bootstrap was absent or incomplete (dominant errors: missing users/cases/rules/documents tables), causing cascade failures.","FAILED tests/knowledge_graph/test_knowledge_graph.py::TestLegalEdgesSchema::test_ud_leads_to_basic_award"
"FAILED","tests/knowledge_graph/test_knowledge_graph.py::TestLegalEdgesSchema::test_upw_applies_to_its_limitation","ENVIRONMENT","db/compose/test-env","Fresh compose DB was reachable but schema/data bootstrap was absent or incomplete (dominant errors: missing users/cases/rules/documents tables), causing cascade failures.","FAILED tests/knowledge_graph/test_knowledge_graph.py::TestLegalEdgesSchema::test_upw_applies_to_its_limitation"
"FAILED","tests/knowledge_graph/test_knowledge_graph.py::TestLegalEdgesSchema::test_no_self_referencing_edges","ENVIRONMENT","db/compose/test-env","Fresh compose DB was reachable but schema/data bootstrap was absent or incomplete (dominant errors: missing users/cases/rules/documents tables), causing cascade failures.","FAILED tests/knowledge_graph/test_knowledge_graph.py::TestLegalEdgesSchema::test_no_self_referencing_edges"
"FAILED","tests/knowledge_graph/test_knowledge_graph.py::TestLegalEdgesSchema::test_all_edge_nodes_exist","ENVIRONMENT","db/compose/test-env","Fresh compose DB was reachable but schema/data bootstrap was absent or incomplete (dominant errors: missing users/cases/rules/documents tables), causing cascade failures.","FAILED tests/knowledge_graph/test_knowledge_graph.py::TestLegalEdgesSchema::test_all_edge_nodes_exist"
"FAILED","tests/knowledge_graph/test_knowledge_graph.py::TestKnowledgeGraphPaths::test_ud_to_era1996_s111_path","ENVIRONMENT","db/compose/test-env","Fresh compose DB was reachable but schema/data bootstrap was absent or incomplete (dominant errors: missing users/cases/rules/documents tables), causing cascade failures.","FAILED tests/knowledge_graph/test_knowledge_graph.py::TestKnowledgeGraphPaths::test_ud_to_era1996_s111_path"
"FAILED","tests/knowledge_graph/test_knowledge_graph.py::TestKnowledgeGraphPaths::test_basic_award_has_era1996_s119_ref","ENVIRONMENT","db/compose/test-env","Fresh compose DB was reachable but schema/data bootstrap was absent or incomplete (dominant errors: missing users/cases/rules/documents tables), causing cascade failures.","FAILED tests/knowledge_graph/test_knowledge_graph.py::TestKnowledgeGraphPaths::test_basic_award_has_era1996_s119_ref"
"FAILED","tests/knowledge_graph/test_knowledge_graph.py::TestKnowledgeGraphPaths::test_procedure_node_references_acas_code","ENVIRONMENT","db/compose/test-env","Fresh compose DB was reachable but schema/data bootstrap was absent or incomplete (dominant errors: missing users/cases/rules/documents tables), causing cascade failures.","FAILED tests/knowledge_graph/test_knowledge_graph.py::TestKnowledgeGraphPaths::test_procedure_node_references_acas_code"
"FAILED","tests/legal_accuracy/test_legal_accuracy.py::test_fp1_deadline_correct","ENVIRONMENT","db/compose/test-env","Fresh compose DB was reachable but schema/data bootstrap was absent or incomplete (dominant errors: missing users/cases/rules/documents tables), causing cascade failures.","FAILED tests/legal_accuracy/test_legal_accuracy.py::test_fp1_deadline_correct"
"FAILED","tests/legal_accuracy/test_legal_accuracy.py::test_fp1_deadline_source_is_rules","ENVIRONMENT","db/compose/test-env","Fresh compose DB was reachable but schema/data bootstrap was absent or incomplete (dominant errors: missing users/cases/rules/documents tables), causing cascade failures.","FAILED tests/legal_accuracy/test_legal_accuracy.py::test_fp1_deadline_source_is_rules"
"FAILED","tests/legal_accuracy/test_legal_accuracy.py::test_fp1_deadline_authority_era1996","ENVIRONMENT","db/compose/test-env","Fresh compose DB was reachable but schema/data bootstrap was absent or incomplete (dominant errors: missing users/cases/rules/documents tables), causing cascade failures.","FAILED tests/legal_accuracy/test_legal_accuracy.py::test_fp1_deadline_authority_era1996"
"FAILED","tests/legal_accuracy/test_legal_accuracy.py::test_fp2_deadline_correct","ENVIRONMENT","db/compose/test-env","Fresh compose DB was reachable but schema/data bootstrap was absent or incomplete (dominant errors: missing users/cases/rules/documents tables), causing cascade failures.","FAILED tests/legal_accuracy/test_legal_accuracy.py::test_fp2_deadline_correct"
"FAILED","tests/legal_accuracy/test_legal_accuracy.py::test_fp3_deadline_correct","ENVIRONMENT","db/compose/test-env","Fresh compose DB was reachable but schema/data bootstrap was absent or incomplete (dominant errors: missing users/cases/rules/documents tables), causing cascade failures.","FAILED tests/legal_accuracy/test_legal_accuracy.py::test_fp3_deadline_correct"
"FAILED","tests/legal_accuracy/test_legal_accuracy.py::test_fp4_deadline_floor_does_not_bite","ENVIRONMENT","db/compose/test-env","Fresh compose DB was reachable but schema/data bootstrap was absent or incomplete (dominant errors: missing users/cases/rules/documents tables), causing cascade failures.","FAILED tests/legal_accuracy/test_legal_accuracy.py::test_fp4_deadline_floor_does_not_bite"
"FAILED","tests/legal_accuracy/test_legal_accuracy.py::test_fp4_ec_applied_true","ENVIRONMENT","db/compose/test-env","Fresh compose DB was reachable but schema/data bootstrap was absent or incomplete (dominant errors: missing users/cases/rules/documents tables), causing cascade failures.","FAILED tests/legal_accuracy/test_legal_accuracy.py::test_fp4_ec_applied_true"
"FAILED","tests/legal_accuracy/test_legal_accuracy.py::test_fp5_deadline_floor_bites","ENVIRONMENT","db/compose/test-env","Fresh compose DB was reachable but schema/data bootstrap was absent or incomplete (dominant errors: missing users/cases/rules/documents tables), causing cascade failures.","FAILED tests/legal_accuracy/test_legal_accuracy.py::test_fp5_deadline_floor_bites"
"FAILED","tests/legal_accuracy/test_legal_accuracy.py::test_fp6_deadline_correct","ENVIRONMENT","db/compose/test-env","Fresh compose DB was reachable but schema/data bootstrap was absent or incomplete (dominant errors: missing users/cases/rules/documents tables), causing cascade failures.","FAILED tests/legal_accuracy/test_legal_accuracy.py::test_fp6_deadline_correct"
"FAILED","tests/legal_accuracy/test_legal_accuracy.py::test_fp8_deadline_correct","ENVIRONMENT","db/compose/test-env","Fresh compose DB was reachable but schema/data bootstrap was absent or incomplete (dominant errors: missing users/cases/rules/documents tables), causing cascade failures.","FAILED tests/legal_accuracy/test_legal_accuracy.py::test_fp8_deadline_correct"
"FAILED","tests/legal_accuracy/test_legal_accuracy.py::test_fp8_deadline_source_is_rules","ENVIRONMENT","db/compose/test-env","Fresh compose DB was reachable but schema/data bootstrap was absent or incomplete (dominant errors: missing users/cases/rules/documents tables), causing cascade failures.","FAILED tests/legal_accuracy/test_legal_accuracy.py::test_fp8_deadline_source_is_rules"
"FAILED","tests/legal_accuracy/test_legal_accuracy.py::test_upw1_deadline_correct","ENVIRONMENT","db/compose/test-env","Fresh compose DB was reachable but schema/data bootstrap was absent or incomplete (dominant errors: missing users/cases/rules/documents tables), causing cascade failures.","FAILED tests/legal_accuracy/test_legal_accuracy.py::test_upw1_deadline_correct"
"FAILED","tests/legal_accuracy/test_legal_accuracy.py::test_upw5_deadline_correct_and_expired","ENVIRONMENT","db/compose/test-env","Fresh compose DB was reachable but schema/data bootstrap was absent or incomplete (dominant errors: missing users/cases/rules/documents tables), causing cascade failures.","FAILED tests/legal_accuracy/test_legal_accuracy.py::test_upw5_deadline_correct_and_expired"
"FAILED","tests/mcp/test_mcp.py::TestMCPAuditTable::test_mcp_tool_calls_table_exists","ENVIRONMENT","db/compose/test-env","Fresh compose DB was reachable but schema/data bootstrap was absent or incomplete (dominant errors: missing users/cases/rules/documents tables), causing cascade failures.","FAILED tests/mcp/test_mcp.py::TestMCPAuditTable::test_mcp_tool_calls_table_exists"
"FAILED","tests/mcp/test_mcp.py::TestMCPAuditTable::test_mcp_audit_has_trace_id","ENVIRONMENT","db/compose/test-env","Fresh compose DB was reachable but schema/data bootstrap was absent or incomplete (dominant errors: missing users/cases/rules/documents tables), causing cascade failures.","FAILED tests/mcp/test_mcp.py::TestMCPAuditTable::test_mcp_audit_has_trace_id"
"FAILED","tests/mcp/test_mcp.py::TestMCPRuntimeConnectors::test_rules_lookup_returns_rules","ENVIRONMENT","db/compose/test-env","Fresh compose DB was reachable but schema/data bootstrap was absent or incomplete (dominant errors: missing users/cases/rules/documents tables), causing cascade failures.","FAILED tests/mcp/test_mcp.py::TestMCPRuntimeConnectors::test_rules_lookup_returns_rules"
"FAILED","tests/mcp/test_mcp.py::TestMCPRuntimeConnectors::test_rules_lookup_has_era1996_authority","ENVIRONMENT","db/compose/test-env","Fresh compose DB was reachable but schema/data bootstrap was absent or incomplete (dominant errors: missing users/cases/rules/documents tables), causing cascade failures.","FAILED tests/mcp/test_mcp.py::TestMCPRuntimeConnectors::test_rules_lookup_has_era1996_authority"
"FAILED","tests/mcp/test_mcp.py::TestMCPRuntimeConnectors::test_legislation_lookup_returns_results","ENVIRONMENT","db/compose/test-env","Fresh compose DB was reachable but schema/data bootstrap was absent or incomplete (dominant errors: missing users/cases/rules/documents tables), causing cascade failures.","FAILED tests/mcp/test_mcp.py::TestMCPRuntimeConnectors::test_legislation_lookup_returns_results"
"FAILED","tests/mcp/test_mcp.py::TestMCPRuntimeConnectors::test_mcp_audit_written_on_call","ENVIRONMENT","db/compose/test-env","Fresh compose DB was reachable but schema/data bootstrap was absent or incomplete (dominant errors: missing users/cases/rules/documents tables), causing cascade failures.","FAILED tests/mcp/test_mcp.py::TestMCPRuntimeConnectors::test_mcp_audit_written_on_call"
"FAILED","tests/memory/test_memory.py::TestMemoryConsentGate::test_brain_memory_not_saved_without_consent","REAL DEFECT","intake/diagnosis","Non-environment assertion or exception; inspect before fixing.","FAILED tests/memory/test_memory.py::TestMemoryConsentGate::test_brain_memory_not_saved_without_consent"
"FAILED","tests/memory/test_memory.py::TestMemoryConsentGate::test_brain_memory_not_saved_anonymous","REAL DEFECT","intake/diagnosis","Non-environment assertion or exception; inspect before fixing.","FAILED tests/memory/test_memory.py::TestMemoryConsentGate::test_brain_memory_not_saved_anonymous"
"FAILED","tests/memory/test_memory.py::TestMemoryConsentGate::test_brain_memory_step_always_recorded","REAL DEFECT","intake/diagnosis","Non-environment assertion or exception; inspect before fixing.","FAILED tests/memory/test_memory.py::TestMemoryConsentGate::test_brain_memory_step_always_recorded"
"FAILED","tests/payment/test_payment.py::TestStripeWebhookVerification::test_payment_events_table_exists","ENVIRONMENT","payment","Fresh compose DB was reachable but schema/data bootstrap was absent or incomplete (dominant errors: missing users/cases/rules/documents tables), causing cascade failures.","FAILED tests/payment/test_payment.py::TestStripeWebhookVerification::test_payment_events_table_exists"
"FAILED","tests/payment/test_payment.py::TestStripeWebhookVerification::test_cases_payment_status_column_exists","ENVIRONMENT","payment","Fresh compose DB was reachable but schema/data bootstrap was absent or incomplete (dominant errors: missing users/cases/rules/documents tables), causing cascade failures.","FAILED tests/payment/test_payment.py::TestStripeWebhookVerification::test_cases_payment_status_column_exists"
"FAILED","tests/rag/test_rag.py::TestRetrieveRules::test_ud_rules_returned","ENVIRONMENT","db/compose/test-env","Fresh compose DB was reachable but schema/data bootstrap was absent or incomplete (dominant errors: missing users/cases/rules/documents tables), causing cascade failures.","FAILED tests/rag/test_rag.py::TestRetrieveRules::test_ud_rules_returned - psy..."
"FAILED","tests/rag/test_rag.py::TestRetrieveRules::test_time_limit_rule_present","ENVIRONMENT","db/compose/test-env","Fresh compose DB was reachable but schema/data bootstrap was absent or incomplete (dominant errors: missing users/cases/rules/documents tables), causing cascade failures.","FAILED tests/rag/test_rag.py::TestRetrieveRules::test_time_limit_rule_present"
"FAILED","tests/rag/test_rag.py::TestRetrieveRules::test_qualifying_period_rule_present","ENVIRONMENT","db/compose/test-env","Fresh compose DB was reachable but schema/data bootstrap was absent or incomplete (dominant errors: missing users/cases/rules/documents tables), causing cascade failures.","FAILED tests/rag/test_rag.py::TestRetrieveRules::test_qualifying_period_rule_present"
"FAILED","tests/rag/test_rag.py::TestRetrieveRules::test_upw_rules_returned","ENVIRONMENT","db/compose/test-env","Fresh compose DB was reachable but schema/data bootstrap was absent or incomplete (dominant errors: missing users/cases/rules/documents tables), causing cascade failures.","FAILED tests/rag/test_rag.py::TestRetrieveRules::test_upw_rules_returned - ps..."
"FAILED","tests/rag/test_rag.py::TestRetrieveRules::test_rules_have_authority_ref","ENVIRONMENT","db/compose/test-env","Fresh compose DB was reachable but schema/data bootstrap was absent or incomplete (dominant errors: missing users/cases/rules/documents tables), causing cascade failures.","FAILED tests/rag/test_rag.py::TestRetrieveRules::test_rules_have_authority_ref"
"FAILED","tests/rag/test_rag.py::TestRetrieveRules::test_rules_have_authority_url","ENVIRONMENT","db/compose/test-env","Fresh compose DB was reachable but schema/data bootstrap was absent or incomplete (dominant errors: missing users/cases/rules/documents tables), causing cascade failures.","FAILED tests/rag/test_rag.py::TestRetrieveRules::test_rules_have_authority_url"
"FAILED","tests/rag/test_rag.py::TestRetrieveRules::test_prospective_rules_excluded","ENVIRONMENT","db/compose/test-env","Fresh compose DB was reachable but schema/data bootstrap was absent or incomplete (dominant errors: missing users/cases/rules/documents tables), causing cascade failures.","FAILED tests/rag/test_rag.py::TestRetrieveRules::test_prospective_rules_excluded"
"FAILED","tests/rag/test_rag.py::TestHybridRetrieve::test_retrieve_returns_bundle","ENVIRONMENT","db/compose/test-env","Fresh compose DB was reachable but schema/data bootstrap was absent or incomplete (dominant errors: missing users/cases/rules/documents tables), causing cascade failures.","FAILED tests/rag/test_rag.py::TestHybridRetrieve::test_retrieve_returns_bundle"
"FAILED","tests/rag/test_rag.py::TestHybridRetrieve::test_bundle_has_exact_rules","ENVIRONMENT","db/compose/test-env","Fresh compose DB was reachable but schema/data bootstrap was absent or incomplete (dominant errors: missing users/cases/rules/documents tables), causing cascade failures.","FAILED tests/rag/test_rag.py::TestHybridRetrieve::test_bundle_has_exact_rules"
"FAILED","tests/rag/test_rag.py::TestHybridRetrieve::test_bundle_has_authorities","ENVIRONMENT","db/compose/test-env","Fresh compose DB was reachable but schema/data bootstrap was absent or incomplete (dominant errors: missing users/cases/rules/documents tables), causing cascade failures.","FAILED tests/rag/test_rag.py::TestHybridRetrieve::test_bundle_has_authorities"
"FAILED","tests/rag/test_rag.py::TestHybridRetrieve::test_authorities_have_cite_and_url","ENVIRONMENT","db/compose/test-env","Fresh compose DB was reachable but schema/data bootstrap was absent or incomplete (dominant errors: missing users/cases/rules/documents tables), causing cascade failures.","FAILED tests/rag/test_rag.py::TestHybridRetrieve::test_authorities_have_cite_and_url"
"FAILED","tests/rag/test_rag.py::TestHybridRetrieve::test_authorities_have_trust_score","ENVIRONMENT","db/compose/test-env","Fresh compose DB was reachable but schema/data bootstrap was absent or incomplete (dominant errors: missing users/cases/rules/documents tables), causing cascade failures.","FAILED tests/rag/test_rag.py::TestHybridRetrieve::test_authorities_have_trust_score"
"FAILED","tests/rag/test_rag.py::TestHybridRetrieve::test_insufficient_grounding_flag","ENVIRONMENT","db/compose/test-env","Fresh compose DB was reachable but schema/data bootstrap was absent or incomplete (dominant errors: missing users/cases/rules/documents tables), causing cascade failures.","FAILED tests/rag/test_rag.py::TestHybridRetrieve::test_insufficient_grounding_flag"
"FAILED","tests/rag/test_rag.py::TestHybridRetrieve::test_no_hallucinated_sources","ENVIRONMENT","db/compose/test-env","Fresh compose DB was reachable but schema/data bootstrap was absent or incomplete (dominant errors: missing users/cases/rules/documents tables), causing cascade failures.","FAILED tests/rag/test_rag.py::TestHybridRetrieve::test_no_hallucinated_sources"
"FAILED","tests/rag/test_rag.py::TestHybridRetrieve::test_jurisdiction_filtering","ENVIRONMENT","db/compose/test-env","Fresh compose DB was reachable but schema/data bootstrap was absent or incomplete (dominant errors: missing users/cases/rules/documents tables), causing cascade failures.","FAILED tests/rag/test_rag.py::TestHybridRetrieve::test_jurisdiction_filtering"
"FAILED","tests/rag/test_rag.py::TestKeywordRetrieval::test_keyword_search_returns_results","ENVIRONMENT","db/compose/test-env","Fresh compose DB was reachable but schema/data bootstrap was absent or incomplete (dominant errors: missing users/cases/rules/documents tables), causing cascade failures.","FAILED tests/rag/test_rag.py::TestKeywordRetrieval::test_keyword_search_returns_results"
"FAILED","tests/rag/test_rag.py::TestKeywordRetrieval::test_keyword_results_have_cite","ENVIRONMENT","db/compose/test-env","Fresh compose DB was reachable but schema/data bootstrap was absent or incomplete (dominant errors: missing users/cases/rules/documents tables), causing cascade failures.","FAILED tests/rag/test_rag.py::TestKeywordRetrieval::test_keyword_results_have_cite"
"FAILED","tests/retrieval/test_retrieval.py::TestRetrieveRules::test_ud_time_limit_rule_exists","ENVIRONMENT","db/compose/test-env","Fresh compose DB was reachable but schema/data bootstrap was absent or incomplete (dominant errors: missing users/cases/rules/documents tables), causing cascade failures.","FAILED tests/retrieval/test_retrieval.py::TestRetrieveRules::test_ud_time_limit_rule_exists"
"FAILED","tests/retrieval/test_retrieval.py::TestRetrieveRules::test_ud_qualifying_period_rule_exists","ENVIRONMENT","db/compose/test-env","Fresh compose DB was reachable but schema/data bootstrap was absent or incomplete (dominant errors: missing users/cases/rules/documents tables), causing cascade failures.","FAILED tests/retrieval/test_retrieval.py::TestRetrieveRules::test_ud_qualifying_period_rule_exists"
"FAILED","tests/retrieval/test_retrieval.py::TestRetrieveRules::test_ud_compensatory_cap_rule_exists","ENVIRONMENT","db/compose/test-env","Fresh compose DB was reachable but schema/data bootstrap was absent or incomplete (dominant errors: missing users/cases/rules/documents tables), causing cascade failures.","FAILED tests/retrieval/test_retrieval.py::TestRetrieveRules::test_ud_compensatory_cap_rule_exists"
"FAILED","tests/retrieval/test_retrieval.py::TestRetrieveRules::test_rules_have_authority_ref","ENVIRONMENT","db/compose/test-env","Fresh compose DB was reachable but schema/data bootstrap was absent or incomplete (dominant errors: missing users/cases/rules/documents tables), causing cascade failures.","FAILED tests/retrieval/test_retrieval.py::TestRetrieveRules::test_rules_have_authority_ref"
"FAILED","tests/retrieval/test_retrieval.py::TestRetrieveRules::test_rules_are_effective_dated","ENVIRONMENT","db/compose/test-env","Fresh compose DB was reachable but schema/data bootstrap was absent or incomplete (dominant errors: missing users/cases/rules/documents tables), causing cascade failures.","FAILED tests/retrieval/test_retrieval.py::TestRetrieveRules::test_rules_are_effective_dated"
"FAILED","tests/retrieval/test_retrieval.py::TestRetrieveRules::test_upw_time_limit_rule_exists","ENVIRONMENT","db/compose/test-env","Fresh compose DB was reachable but schema/data bootstrap was absent or incomplete (dominant errors: missing users/cases/rules/documents tables), causing cascade failures.","FAILED tests/retrieval/test_retrieval.py::TestRetrieveRules::test_upw_time_limit_rule_exists"
"FAILED","tests/retrieval/test_retrieval.py::TestRetrieveRules::test_rules_return_empty_for_oos","ENVIRONMENT","db/compose/test-env","Fresh compose DB was reachable but schema/data bootstrap was absent or incomplete (dominant errors: missing users/cases/rules/documents tables), causing cascade failures.","FAILED tests/retrieval/test_retrieval.py::TestRetrieveRules::test_rules_return_empty_for_oos"
"FAILED","tests/retrieval/test_retrieval.py::TestRetrieveRules::test_future_effective_date_returns_correct_rule","ENVIRONMENT","db/compose/test-env","Fresh compose DB was reachable but schema/data bootstrap was absent or incomplete (dominant errors: missing users/cases/rules/documents tables), causing cascade failures.","FAILED tests/retrieval/test_retrieval.py::TestRetrieveRules::test_future_effective_date_returns_correct_rule"
"FAILED","tests/retrieval/test_retrieval.py::TestHybridRetrieve::test_retrieve_returns_bundle","ENVIRONMENT","db/compose/test-env","Fresh compose DB was reachable but schema/data bootstrap was absent or incomplete (dominant errors: missing users/cases/rules/documents tables), causing cascade failures.","FAILED tests/retrieval/test_retrieval.py::TestHybridRetrieve::test_retrieve_returns_bundle"
"FAILED","tests/retrieval/test_retrieval.py::TestHybridRetrieve::test_bundle_has_exact_rules","ENVIRONMENT","db/compose/test-env","Fresh compose DB was reachable but schema/data bootstrap was absent or incomplete (dominant errors: missing users/cases/rules/documents tables), causing cascade failures.","FAILED tests/retrieval/test_retrieval.py::TestHybridRetrieve::test_bundle_has_exact_rules"
"FAILED","tests/retrieval/test_retrieval.py::TestHybridRetrieve::test_bundle_rules_include_era1996_authority","ENVIRONMENT","db/compose/test-env","Fresh compose DB was reachable but schema/data bootstrap was absent or incomplete (dominant errors: missing users/cases/rules/documents tables), causing cascade failures.","FAILED tests/retrieval/test_retrieval.py::TestHybridRetrieve::test_bundle_rules_include_era1996_authority"
"FAILED","tests/retrieval/test_retrieval.py::TestHybridRetrieve::test_bundle_has_authorities","ENVIRONMENT","db/compose/test-env","Fresh compose DB was reachable but schema/data bootstrap was absent or incomplete (dominant errors: missing users/cases/rules/documents tables), causing cascade failures.","FAILED tests/retrieval/test_retrieval.py::TestHybridRetrieve::test_bundle_has_authorities"
"FAILED","tests/retrieval/test_retrieval.py::TestHybridRetrieve::test_bundle_insufficient_grounding_is_bool","ENVIRONMENT","db/compose/test-env","Fresh compose DB was reachable but schema/data bootstrap was absent or incomplete (dominant errors: missing users/cases/rules/documents tables), causing cascade failures.","FAILED tests/retrieval/test_retrieval.py::TestHybridRetrieve::test_bundle_insufficient_grounding_is_bool"
"FAILED","tests/retrieval/test_retrieval.py::TestHybridRetrieve::test_oos_query_retrieves_no_rules","ENVIRONMENT","db/compose/test-env","Fresh compose DB was reachable but schema/data bootstrap was absent or incomplete (dominant errors: missing users/cases/rules/documents tables), causing cascade failures.","FAILED tests/retrieval/test_retrieval.py::TestHybridRetrieve::test_oos_query_retrieves_no_rules"
"FAILED","tests/retrieval/test_retrieval.py::TestHybridRetrieve::test_upw_retrieval_returns_bundle","ENVIRONMENT","db/compose/test-env","Fresh compose DB was reachable but schema/data bootstrap was absent or incomplete (dominant errors: missing users/cases/rules/documents tables), causing cascade failures.","FAILED tests/retrieval/test_retrieval.py::TestHybridRetrieve::test_upw_retrieval_returns_bundle"
"FAILED","tests/security/test_auth_routes.py::TestAuthRoutes::test_register_creates_user","ENVIRONMENT","security","Fresh compose DB was reachable but schema/data bootstrap was absent or incomplete (dominant errors: missing users/cases/rules/documents tables), causing cascade failures.","FAILED tests/security/test_auth_routes.py::TestAuthRoutes::test_register_creates_user"
"FAILED","tests/security/test_auth_routes.py::TestAuthRoutes::test_login_returns_access_token","ENVIRONMENT","security","Fresh compose DB was reachable but schema/data bootstrap was absent or incomplete (dominant errors: missing users/cases/rules/documents tables), causing cascade failures.","FAILED tests/security/test_auth_routes.py::TestAuthRoutes::test_login_returns_access_token"
"FAILED","tests/security/test_auth_routes.py::TestAuthRoutes::test_login_wrong_password_rejected","ENVIRONMENT","security","Fresh compose DB was reachable but schema/data bootstrap was absent or incomplete (dominant errors: missing users/cases/rules/documents tables), causing cascade failures.","FAILED tests/security/test_auth_routes.py::TestAuthRoutes::test_login_wrong_password_rejected"
"FAILED","tests/security/test_auth_routes.py::TestAuthRoutes::test_auth_me_with_valid_token","ENVIRONMENT","security","Fresh compose DB was reachable but schema/data bootstrap was absent or incomplete (dominant errors: missing users/cases/rules/documents tables), causing cascade failures.","FAILED tests/security/test_auth_routes.py::TestAuthRoutes::test_auth_me_with_valid_token"
"FAILED","tests/security/test_auth_routes.py::TestProtectedEndpoints::test_create_case_requires_auth_in_jwt_mode","ENVIRONMENT","security","Fresh compose DB was reachable but schema/data bootstrap was absent or incomplete (dominant errors: missing users/cases/rules/documents tables), causing cascade failures.","FAILED tests/security/test_auth_routes.py::TestProtectedEndpoints::test_create_case_requires_auth_in_jwt_mode"
"FAILED","tests/security/test_auth_routes.py::TestDuplicateRegistrationRejected::test_duplicate_email_rejected","ENVIRONMENT","security","Fresh compose DB was reachable but schema/data bootstrap was absent or incomplete (dominant errors: missing users/cases/rules/documents tables), causing cascade failures.","FAILED tests/security/test_auth_routes.py::TestDuplicateRegistrationRejected::test_duplicate_email_rejected"
"FAILED","tests/security/test_encryption.py::TestCasesEncryptionAtRest::test_cases_table_has_facts_encrypted_column","REAL DEFECT","security","Non-environment assertion or exception; inspect before fixing.","FAILED tests/security/test_encryption.py::TestCasesEncryptionAtRest::test_cases_table_has_facts_encrypted_column"
"FAILED","tests/security/test_encryption.py::TestCasesEncryptionAtRest::test_cases_table_has_encryption_version","REAL DEFECT","security","Non-environment assertion or exception; inspect before fixing.","FAILED tests/security/test_encryption.py::TestCasesEncryptionAtRest::test_cases_table_has_encryption_version"
"FAILED","tests/security/test_encryption.py::TestCasesEncryptionAtRest::test_case_facts_not_stored_as_plaintext_column","REAL DEFECT","security","Non-environment assertion or exception; inspect before fixing.","FAILED tests/security/test_encryption.py::TestCasesEncryptionAtRest::test_case_facts_not_stored_as_plaintext_column"
"FAILED","tests/security/test_payment_access.py::TestCreateSessionEndpointSecurity::test_create_session_requires_valid_doc_type","ENVIRONMENT","security","Fresh compose DB was reachable but schema/data bootstrap was absent or incomplete (dominant errors: missing users/cases/rules/documents tables), causing cascade failures.","FAILED tests/security/test_payment_access.py::TestCreateSessionEndpointSecurity::test_create_session_requires_valid_doc_type"
"FAILED","tests/security/test_payment_access.py::TestCreateSessionEndpointSecurity::test_payment_status_endpoint_exists","ENVIRONMENT","security","Fresh compose DB was reachable but schema/data bootstrap was absent or incomplete (dominant errors: missing users/cases/rules/documents tables), causing cascade failures.","FAILED tests/security/test_payment_access.py::TestCreateSessionEndpointSecurity::test_payment_status_endpoint_exists"
"FAILED","tests/test_agentic_foundation_phase1.py::test_retrieve_applies_rerank","REAL DEFECT","backend/tests","Non-environment assertion or exception; inspect before fixing.","FAILED tests/test_agentic_foundation_phase1.py::test_retrieve_applies_rerank"
"FAILED","tests/test_assess_orchestrator.py::test_assess_uses_path_splitter_by_default","REAL DEFECT","intake/diagnosis","Non-environment assertion or exception; inspect before fixing.","FAILED tests/test_assess_orchestrator.py::test_assess_uses_path_splitter_by_default"
"FAILED","tests/test_assess_orchestrator.py::test_assess_factual_lane_no_llm_rules_only","ENVIRONMENT","intake/diagnosis","Fresh compose DB was reachable but schema/data bootstrap was absent or incomplete (dominant errors: missing users/cases/rules/documents tables), causing cascade failures.","FAILED tests/test_assess_orchestrator.py::test_assess_factual_lane_no_llm_rules_only"
"FAILED","tests/test_assess_orchestrator.py::test_assess_reasoning_lane_runs_retrieval_first","ENVIRONMENT","intake/diagnosis","Fresh compose DB was reachable but schema/data bootstrap was absent or incomplete (dominant errors: missing users/cases/rules/documents tables), causing cascade failures.","FAILED tests/test_assess_orchestrator.py::test_assess_reasoning_lane_runs_retrieval_first"
"FAILED","tests/test_assess_orchestrator.py::test_assess_reasoning_lane_blocks_uncited_output","REAL DEFECT","intake/diagnosis","Non-environment assertion or exception; inspect before fixing.","FAILED tests/test_assess_orchestrator.py::test_assess_reasoning_lane_blocks_uncited_output"
"FAILED","tests/test_assess_orchestrator.py::test_assess_reasoning_lane_blocks_ungrounded_output","REAL DEFECT","intake/diagnosis","Non-environment assertion or exception; inspect before fixing.","FAILED tests/test_assess_orchestrator.py::test_assess_reasoning_lane_blocks_ungrounded_output"
"FAILED","tests/test_assess_orchestrator.py::test_assess_reasoning_lane_passes_critic_before_final_response","REAL DEFECT","intake/diagnosis","Non-environment assertion or exception; inspect before fixing.","FAILED tests/test_assess_orchestrator.py::test_assess_reasoning_lane_passes_critic_before_final_response"
"FAILED","tests/test_assess_orchestrator.py::test_assess_deidentifies_before_model","REAL DEFECT","intake/diagnosis","Non-environment assertion or exception; inspect before fixing.","FAILED tests/test_assess_orchestrator.py::test_assess_deidentifies_before_model"
"FAILED","tests/test_assess_orchestrator.py::test_stream_preview_not_final_advice","REAL DEFECT","intake/diagnosis","Non-environment assertion or exception; inspect before fixing.","FAILED tests/test_assess_orchestrator.py::test_stream_preview_not_final_advice"
"FAILED","tests/test_assess_orchestrator.py::test_missing_rule_fails_closed","REAL DEFECT","intake/diagnosis","Non-environment assertion or exception; inspect before fixing.","FAILED tests/test_assess_orchestrator.py::test_missing_rule_fails_closed - ps..."
"FAILED","tests/test_assess_orchestrator.py::test_db_unavailable_fails_closed_not_crash","ENVIRONMENT","intake/diagnosis","Fresh compose DB was reachable but schema/data bootstrap was absent or incomplete (dominant errors: missing users/cases/rules/documents tables), causing cascade failures.","FAILED tests/test_assess_orchestrator.py::test_db_unavailable_fails_closed_not_crash"
"FAILED","tests/test_auth_flows.py::TestRefresh::test_valid_refresh_rotates_session","ENVIRONMENT","db/compose/test-env","Fresh compose DB was reachable but schema/data bootstrap was absent or incomplete (dominant errors: missing users/cases/rules/documents tables), causing cascade failures.","FAILED tests/test_auth_flows.py::TestRefresh::test_valid_refresh_rotates_session"
"FAILED","tests/test_auth_flows.py::TestRefresh::test_replayed_rotated_token_is_rejected","ENVIRONMENT","db/compose/test-env","Fresh compose DB was reachable but schema/data bootstrap was absent or incomplete (dominant errors: missing users/cases/rules/documents tables), causing cascade failures.","FAILED tests/test_auth_flows.py::TestRefresh::test_replayed_rotated_token_is_rejected"
"FAILED","tests/test_auth_flows.py::TestRefresh::test_unknown_refresh_token_is_rejected","ENVIRONMENT","db/compose/test-env","Fresh compose DB was reachable but schema/data bootstrap was absent or incomplete (dominant errors: missing users/cases/rules/documents tables), causing cascade failures.","FAILED tests/test_auth_flows.py::TestRefresh::test_unknown_refresh_token_is_rejected"
"FAILED","tests/test_auth_flows.py::TestLogout::test_logout_with_refresh_token","ENVIRONMENT","db/compose/test-env","Fresh compose DB was reachable but schema/data bootstrap was absent or incomplete (dominant errors: missing users/cases/rules/documents tables), causing cascade failures.","FAILED tests/test_auth_flows.py::TestLogout::test_logout_with_refresh_token"
"FAILED","tests/test_auth_flows.py::TestLogout::test_logged_out_token_cannot_refresh","ENVIRONMENT","db/compose/test-env","Fresh compose DB was reachable but schema/data bootstrap was absent or incomplete (dominant errors: missing users/cases/rules/documents tables), causing cascade failures.","FAILED tests/test_auth_flows.py::TestLogout::test_logged_out_token_cannot_refresh"
"FAILED","tests/test_auth_flows.py::TestLogout::test_logout_all_sessions_with_bearer","ENVIRONMENT","db/compose/test-env","Fresh compose DB was reachable but schema/data bootstrap was absent or incomplete (dominant errors: missing users/cases/rules/documents tables), causing cascade failures.","FAILED tests/test_auth_flows.py::TestLogout::test_logout_all_sessions_with_bearer"
"FAILED","tests/test_auth_flows.py::TestVerifyEmail::test_registration_token_verifies_email","ENVIRONMENT","db/compose/test-env","Fresh compose DB was reachable but schema/data bootstrap was absent or incomplete (dominant errors: missing users/cases/rules/documents tables), causing cascade failures.","FAILED tests/test_auth_flows.py::TestVerifyEmail::test_registration_token_verifies_email"
"FAILED","tests/test_auth_flows.py::TestVerifyEmail::test_bogus_verify_token_is_rejected","ENVIRONMENT","db/compose/test-env","Fresh compose DB was reachable but schema/data bootstrap was absent or incomplete (dominant errors: missing users/cases/rules/documents tables), causing cascade failures.","FAILED tests/test_auth_flows.py::TestVerifyEmail::test_bogus_verify_token_is_rejected"
"FAILED","tests/test_auth_flows.py::TestPasswordReset::test_confirm_sets_a_new_password","ENVIRONMENT","db/compose/test-env","Fresh compose DB was reachable but schema/data bootstrap was absent or incomplete (dominant errors: missing users/cases/rules/documents tables), causing cascade failures.","FAILED tests/test_auth_flows.py::TestPasswordReset::test_confirm_sets_a_new_password"
"FAILED","tests/test_autonomous_ingestion.py::test_ingest_creates_node_and_citation_edge","ENVIRONMENT","db/compose/test-env","Fresh compose DB was reachable but schema/data bootstrap was absent or incomplete (dominant errors: missing users/cases/rules/documents tables), causing cascade failures.","FAILED tests/test_autonomous_ingestion.py::test_ingest_creates_node_and_citation_edge"
"FAILED","tests/test_autonomous_ingestion.py::test_rejected_document_is_never_chunked","ENVIRONMENT","db/compose/test-env","Fresh compose DB was reachable but schema/data bootstrap was absent or incomplete (dominant errors: missing users/cases/rules/documents tables), causing cascade failures.","FAILED tests/test_autonomous_ingestion.py::test_rejected_document_is_never_chunked"
"FAILED","tests/test_autonomous_ingestion.py::test_approved_content_is_embedded_and_searchable","ENVIRONMENT","db/compose/test-env","Fresh compose DB was reachable but schema/data bootstrap was absent or incomplete (dominant errors: missing users/cases/rules/documents tables), causing cascade failures.","FAILED tests/test_autonomous_ingestion.py::test_approved_content_is_embedded_and_searchable"
"FAILED","tests/test_autonomous_ingestion.py::test_content_hash_change_marks_old_chunks_stale","ENVIRONMENT","db/compose/test-env","Fresh compose DB was reachable but schema/data bootstrap was absent or incomplete (dominant errors: missing users/cases/rules/documents tables), causing cascade failures.","FAILED tests/test_autonomous_ingestion.py::test_content_hash_change_marks_old_chunks_stale"
"FAILED","tests/test_autonomous_ingestion.py::test_ingestion_run_logs_success","ENVIRONMENT","db/compose/test-env","Fresh compose DB was reachable but schema/data bootstrap was absent or incomplete (dominant errors: missing users/cases/rules/documents tables), causing cascade failures.","FAILED tests/test_autonomous_ingestion.py::test_ingestion_run_logs_success - ..."
"FAILED","tests/test_autonomous_ingestion.py::test_ingestion_error_logs_failure","ENVIRONMENT","db/compose/test-env","Fresh compose DB was reachable but schema/data bootstrap was absent or incomplete (dominant errors: missing users/cases/rules/documents tables), causing cascade failures.","FAILED tests/test_autonomous_ingestion.py::test_ingestion_error_logs_failure"
"FAILED","tests/test_beta_blockers.py::test_pregnancy_short_service_not_told_no_claim","REAL DEFECT","backend/tests","Non-environment assertion or exception; inspect before fixing.","FAILED tests/test_beta_blockers.py::test_pregnancy_short_service_not_told_no_claim"
"FAILED","tests/test_beta_blockers.py::test_whistleblowing_short_service_not_told_no_claim","REAL DEFECT","backend/tests","Non-environment assertion or exception; inspect before fixing.","FAILED tests/test_beta_blockers.py::test_whistleblowing_short_service_not_told_no_claim"
"FAILED","tests/test_beta_blockers.py::test_plain_short_service_still_says_no","REAL DEFECT","backend/tests","Non-environment assertion or exception; inspect before fixing.","FAILED tests/test_beta_blockers.py::test_plain_short_service_still_says_no - ..."
"FAILED","tests/test_beta_blockers.py::test_expired_deadline_flagged","REAL DEFECT","backend/tests","Non-environment assertion or exception; inspect before fixing.","FAILED tests/test_beta_blockers.py::test_expired_deadline_flagged - psycopg2...."
"FAILED","tests/test_beta_blockers.py::test_near_deadline_critical","REAL DEFECT","backend/tests","Non-environment assertion or exception; inspect before fixing.","FAILED tests/test_beta_blockers.py::test_near_deadline_critical - psycopg2.er..."
"FAILED","tests/test_beta_blockers.py::test_fresh_claim_normal_urgency","REAL DEFECT","backend/tests","Non-environment assertion or exception; inspect before fixing.","FAILED tests/test_beta_blockers.py::test_fresh_claim_normal_urgency - psycopg..."
"FAILED","tests/test_beta_blockers.py::test_deterministic_lane_is_fast","REAL DEFECT","backend/tests","Non-environment assertion or exception; inspect before fixing.","FAILED tests/test_beta_blockers.py::test_deterministic_lane_is_fast - psycopg..."
"FAILED","tests/test_beta_blockers.py::test_future_dismissal_date_rejected","REAL DEFECT","backend/tests","Non-environment assertion or exception; inspect before fixing.","FAILED tests/test_beta_blockers.py::test_future_dismissal_date_rejected - psy..."
"FAILED","tests/test_beta_blockers.py::test_start_after_dismissal_rejected","REAL DEFECT","backend/tests","Non-environment assertion or exception; inspect before fixing.","FAILED tests/test_beta_blockers.py::test_start_after_dismissal_rejected - psy..."
"FAILED","tests/test_beta_blockers.py::test_malformed_dates_field_level_error","REAL DEFECT","backend/tests","Non-environment assertion or exception; inspect before fixing.","FAILED tests/test_beta_blockers.py::test_malformed_dates_field_level_error - ..."
"FAILED","tests/test_brain_outbox.py::test_brain_publishes_assessment_complete_then_worker_processes","ENVIRONMENT","intake/diagnosis","Fresh compose DB was reachable but schema/data bootstrap was absent or incomplete (dominant errors: missing users/cases/rules/documents tables), causing cascade failures.","FAILED tests/test_brain_outbox.py::test_brain_publishes_assessment_complete_then_worker_processes"
"FAILED","tests/test_claim_checker.py::TestClaimCheckerHappyPath::test_in_scope_factual_query_is_grounded","ENVIRONMENT","intake/diagnosis","Fresh compose DB was reachable but schema/data bootstrap was absent or incomplete (dominant errors: missing users/cases/rules/documents tables), causing cascade failures.","FAILED tests/test_claim_checker.py::TestClaimCheckerHappyPath::test_in_scope_factual_query_is_grounded"
"FAILED","tests/test_claim_checker.py::TestClaimCheckerHappyPath::test_answer_carries_real_citations","ENVIRONMENT","intake/diagnosis","Fresh compose DB was reachable but schema/data bootstrap was absent or incomplete (dominant errors: missing users/cases/rules/documents tables), causing cascade failures.","FAILED tests/test_claim_checker.py::TestClaimCheckerHappyPath::test_answer_carries_real_citations"
"FAILED","tests/test_claim_checker.py::TestClaimCheckerHappyPath::test_diagnosis_alias_matches_assess_shape","ENVIRONMENT","intake/diagnosis","Fresh compose DB was reachable but schema/data bootstrap was absent or incomplete (dominant errors: missing users/cases/rules/documents tables), causing cascade failures.","FAILED tests/test_claim_checker.py::TestClaimCheckerHappyPath::test_diagnosis_alias_matches_assess_shape"
"FAILED","tests/test_compensation.py::TestCompensationEndpoint::test_grounded_assessment_generates_document","ENVIRONMENT","payment","Fresh compose DB was reachable but schema/data bootstrap was absent or incomplete (dominant errors: missing users/cases/rules/documents tables), causing cascade failures.","FAILED tests/test_compensation.py::TestCompensationEndpoint::test_grounded_assessment_generates_document"
"FAILED","tests/test_compensation.py::TestCompensationEndpoint::test_unpaid_case_returns_preview_and_payment_required","ENVIRONMENT","payment","Fresh compose DB was reachable but schema/data bootstrap was absent or incomplete (dominant errors: missing users/cases/rules/documents tables), causing cascade failures.","FAILED tests/test_compensation.py::TestCompensationEndpoint::test_unpaid_case_returns_preview_and_payment_required"
"FAILED","tests/test_compensation.py::TestCompensationEndpoint::test_ungrounded_assessment_is_refused","ENVIRONMENT","payment","Fresh compose DB was reachable but schema/data bootstrap was absent or incomplete (dominant errors: missing users/cases/rules/documents tables), causing cascade failures.","FAILED tests/test_compensation.py::TestCompensationEndpoint::test_ungrounded_assessment_is_refused"
"FAILED","tests/test_compensation.py::TestCompensationEndpoint::test_unsupported_jurisdiction_is_refused","ENVIRONMENT","payment","Fresh compose DB was reachable but schema/data bootstrap was absent or incomplete (dominant errors: missing users/cases/rules/documents tables), causing cascade failures.","FAILED tests/test_compensation.py::TestCompensationEndpoint::test_unsupported_jurisdiction_is_refused"
"FAILED","tests/test_constructive_dismissal.py::test_strong_case_is_high_viability_and_draft_action","ENVIRONMENT","db/compose/test-env","Fresh compose DB was reachable but schema/data bootstrap was absent or incomplete (dominant errors: missing users/cases/rules/documents tables), causing cascade failures.","FAILED tests/test_constructive_dismissal.py::test_strong_case_is_high_viability_and_draft_action"
"FAILED","tests/test_constructive_dismissal.py::test_high_affirmation_delay_triggers_human_review","ENVIRONMENT","db/compose/test-env","Fresh compose DB was reachable but schema/data bootstrap was absent or incomplete (dominant errors: missing users/cases/rules/documents tables), causing cascade failures.","FAILED tests/test_constructive_dismissal.py::test_high_affirmation_delay_triggers_human_review"
"FAILED","tests/test_constructive_dismissal.py::test_citations_are_db_verified_with_urls","ENVIRONMENT","db/compose/test-env","Fresh compose DB was reachable but schema/data bootstrap was absent or incomplete (dominant errors: missing users/cases/rules/documents tables), causing cascade failures.","FAILED tests/test_constructive_dismissal.py::test_citations_are_db_verified_with_urls"
"FAILED","tests/test_constructive_dismissal.py::test_fail_closed_on_missing_facts","ENVIRONMENT","db/compose/test-env","Fresh compose DB was reachable but schema/data bootstrap was absent or incomplete (dominant errors: missing users/cases/rules/documents tables), causing cascade failures.","FAILED tests/test_constructive_dismissal.py::test_fail_closed_on_missing_facts"
"FAILED","tests/test_constructive_dismissal.py::test_fail_closed_resignation_before_breach","ENVIRONMENT","db/compose/test-env","Fresh compose DB was reachable but schema/data bootstrap was absent or incomplete (dominant errors: missing users/cases/rules/documents tables), causing cascade failures.","FAILED tests/test_constructive_dismissal.py::test_fail_closed_resignation_before_breach"
"FAILED","tests/test_corpus_citation_guard.py::test_fake_uuid_is_not_a_valid_citation","REAL DEFECT","backend/tests","Non-environment assertion or exception; inspect before fixing.","FAILED tests/test_corpus_citation_guard.py::test_fake_uuid_is_not_a_valid_citation"
"FAILED","tests/test_corpus_citation_guard.py::test_real_uuid_is_a_valid_citation","REAL DEFECT","backend/tests","Non-environment assertion or exception; inspect before fixing.","FAILED tests/test_corpus_citation_guard.py::test_real_uuid_is_a_valid_citation"
"FAILED","tests/test_corpus_citation_guard.py::test_enforce_accepts_response_with_real_uuid","REAL DEFECT","backend/tests","Non-environment assertion or exception; inspect before fixing.","FAILED tests/test_corpus_citation_guard.py::test_enforce_accepts_response_with_real_uuid"
"FAILED","tests/test_corpus_quality_views.py::test_source_freshness_runs_with_required_columns","REAL DEFECT","backend/tests","Non-environment assertion or exception; inspect before fixing.","FAILED tests/test_corpus_quality_views.py::test_source_freshness_runs_with_required_columns"
"FAILED","tests/test_corpus_quality_views.py::test_corpus_quality_report_runs_with_required_columns","REAL DEFECT","backend/tests","Non-environment assertion or exception; inspect before fixing.","FAILED tests/test_corpus_quality_views.py::test_corpus_quality_report_runs_with_required_columns"
"FAILED","tests/test_deadline_rules_audit.py::test_assessment_writes_deadline_audit_with_rules_used","ENVIRONMENT","db/compose/test-env","Fresh compose DB was reachable but schema/data bootstrap was absent or incomplete (dominant errors: missing users/cases/rules/documents tables), causing cascade failures.","FAILED tests/test_deadline_rules_audit.py::test_assessment_writes_deadline_audit_with_rules_used"
"FAILED","tests/test_distributed_service_contracts.py::test_contract_business_endpoint_not_static_fake[services.lawapp_citation_guard.app-lawapp-citation-guard]","REAL DEFECT","backend/tests","Non-environment assertion or exception; inspect before fixing.","FAILED tests/test_distributed_service_contracts.py::test_contract_business_endpoint_not_static_fake[services.lawapp_citation_guard.app-lawapp-citation-guard]"
"FAILED","tests/test_distributed_service_contracts.py::test_contract_business_endpoint_not_static_fake[services.lawapp_brain.app-lawapp-brain]","REAL DEFECT","intake/diagnosis","Non-environment assertion or exception; inspect before fixing.","FAILED tests/test_distributed_service_contracts.py::test_contract_business_endpoint_not_static_fake[services.lawapp_brain.app-lawapp-brain]"
"FAILED","tests/test_email_password.py::TestRegister::test_register_new_account_returns_bundle","ENVIRONMENT","db/compose/test-env","Fresh compose DB was reachable but schema/data bootstrap was absent or incomplete (dominant errors: missing users/cases/rules/documents tables), causing cascade failures.","FAILED tests/test_email_password.py::TestRegister::test_register_new_account_returns_bundle"
"FAILED","tests/test_email_password.py::TestRegister::test_duplicate_email_is_rejected","ENVIRONMENT","db/compose/test-env","Fresh compose DB was reachable but schema/data bootstrap was absent or incomplete (dominant errors: missing users/cases/rules/documents tables), causing cascade failures.","FAILED tests/test_email_password.py::TestRegister::test_duplicate_email_is_rejected"
"FAILED","tests/test_email_password.py::TestLogin::test_login_with_valid_credentials","ENVIRONMENT","db/compose/test-env","Fresh compose DB was reachable but schema/data bootstrap was absent or incomplete (dominant errors: missing users/cases/rules/documents tables), causing cascade failures.","FAILED tests/test_email_password.py::TestLogin::test_login_with_valid_credentials"
"FAILED","tests/test_email_password.py::TestLogin::test_wrong_password_is_401_generic","ENVIRONMENT","db/compose/test-env","Fresh compose DB was reachable but schema/data bootstrap was absent or incomplete (dominant errors: missing users/cases/rules/documents tables), causing cascade failures.","FAILED tests/test_email_password.py::TestLogin::test_wrong_password_is_401_generic"
"FAILED","tests/test_email_password.py::TestLogin::test_unknown_account_is_401_indistinguishable","ENVIRONMENT","db/compose/test-env","Fresh compose DB was reachable but schema/data bootstrap was absent or incomplete (dominant errors: missing users/cases/rules/documents tables), causing cascade failures.","FAILED tests/test_email_password.py::TestLogin::test_unknown_account_is_401_indistinguishable"
"FAILED","tests/test_evidence_intake.py::test_evidence_parsed_outbox_lifecycle","ENVIRONMENT","db/compose/test-env","Fresh compose DB was reachable but schema/data bootstrap was absent or incomplete (dominant errors: missing users/cases/rules/documents tables), causing cascade failures.","FAILED tests/test_evidence_intake.py::test_evidence_parsed_outbox_lifecycle"
"FAILED","tests/test_evolution_gate.py::test_critic_rejects_hallucination_and_accepts_real_citation","REAL DEFECT","backend/tests","Non-environment assertion or exception; inspect before fixing.","FAILED tests/test_evolution_gate.py::test_critic_rejects_hallucination_and_accepts_real_citation"
"FAILED","tests/test_evolution_gate.py::test_evolution_flywheel_promotes_only_on_improvement_without_safety_regression","REAL DEFECT","backend/tests","Non-environment assertion or exception; inspect before fixing.","FAILED tests/test_evolution_gate.py::test_evolution_flywheel_promotes_only_on_improvement_without_safety_regression"
"FAILED","tests/test_evolution_gate.py::test_optimizer_reads_failures_for_agent","REAL DEFECT","backend/tests","Non-environment assertion or exception; inspect before fixing.","FAILED tests/test_evolution_gate.py::test_optimizer_reads_failures_for_agent"
"FAILED","tests/test_i18n_api.py::test_mother_assess_ar_locale_fields","REAL DEFECT","backend/tests","Non-environment assertion or exception; inspect before fixing.","FAILED tests/test_i18n_api.py::test_mother_assess_ar_locale_fields - psycopg2..."
"FAILED","tests/test_i18n_api.py::test_mother_assess_en_has_assessment_core","REAL DEFECT","backend/tests","Non-environment assertion or exception; inspect before fixing.","FAILED tests/test_i18n_api.py::test_mother_assess_en_has_assessment_core - ps..."
"FAILED","tests/test_ingestion_run_tracking.py::test_ingestion_runs_recorded","ENVIRONMENT","db/compose/test-env","Fresh compose DB was reachable but schema/data bootstrap was absent or incomplete (dominant errors: missing users/cases/rules/documents tables), causing cascade failures.","FAILED tests/test_ingestion_run_tracking.py::test_ingestion_runs_recorded - p..."
"FAILED","tests/test_ingestion_run_tracking.py::test_fcl_blocker_recorded","ENVIRONMENT","db/compose/test-env","Fresh compose DB was reachable but schema/data bootstrap was absent or incomplete (dominant errors: missing users/cases/rules/documents tables), causing cascade failures.","FAILED tests/test_ingestion_run_tracking.py::test_fcl_blocker_recorded - psyc..."
"FAILED","tests/test_ingestion_run_tracking.py::test_run_has_status_and_validation_columns","ENVIRONMENT","db/compose/test-env","Fresh compose DB was reachable but schema/data bootstrap was absent or incomplete (dominant errors: missing users/cases/rules/documents tables), causing cascade failures.","FAILED tests/test_ingestion_run_tracking.py::test_run_has_status_and_validation_columns"
"FAILED","tests/test_integration_tools.py::TestAnonymousFunnel::test_anonymous_claim_checker_sees_preview_only","ENVIRONMENT","intake/diagnosis","Fresh compose DB was reachable but schema/data bootstrap was absent or incomplete (dominant errors: missing users/cases/rules/documents tables), causing cascade failures.","FAILED tests/test_integration_tools.py::TestAnonymousFunnel::test_anonymous_claim_checker_sees_preview_only"
"FAILED","tests/test_integration_tools.py::TestAnonymousFunnel::test_logged_in_gets_full_result","ENVIRONMENT","db/compose/test-env","Fresh compose DB was reachable but schema/data bootstrap was absent or incomplete (dominant errors: missing users/cases/rules/documents tables), causing cascade failures.","FAILED tests/test_integration_tools.py::TestAnonymousFunnel::test_logged_in_gets_full_result"
"FAILED","tests/test_integration_tools.py::TestAnonymousFunnel::test_resume_after_login_restores_answers_exactly","ENVIRONMENT","db/compose/test-env","Fresh compose DB was reachable but schema/data bootstrap was absent or incomplete (dominant errors: missing users/cases/rules/documents tables), causing cascade failures.","FAILED tests/test_integration_tools.py::TestAnonymousFunnel::test_resume_after_login_restores_answers_exactly"
"FAILED","tests/test_integration_tools.py::TestResultSavesToDb::test_logged_in_user_result_persists_and_is_owned","ENVIRONMENT","db/compose/test-env","Fresh compose DB was reachable but schema/data bootstrap was absent or incomplete (dominant errors: missing users/cases/rules/documents tables), causing cascade failures.","FAILED tests/test_integration_tools.py::TestResultSavesToDb::test_logged_in_user_result_persists_and_is_owned"
"FAILED","tests/test_integration_tools.py::TestResultSavesToDb::test_cross_user_cannot_read_saved_case","ENVIRONMENT","db/compose/test-env","Fresh compose DB was reachable but schema/data bootstrap was absent or incomplete (dominant errors: missing users/cases/rules/documents tables), causing cascade failures.","FAILED tests/test_integration_tools.py::TestResultSavesToDb::test_cross_user_cannot_read_saved_case"
"FAILED","tests/test_integration_tools.py::TestAllFourToolsEndToEnd::test_claim_checker","ENVIRONMENT","intake/diagnosis","Fresh compose DB was reachable but schema/data bootstrap was absent or incomplete (dominant errors: missing users/cases/rules/documents tables), causing cascade failures.","FAILED tests/test_integration_tools.py::TestAllFourToolsEndToEnd::test_claim_checker"
"FAILED","tests/test_integration_tools.py::TestAllFourToolsEndToEnd::test_deadline","ENVIRONMENT","db/compose/test-env","Fresh compose DB was reachable but schema/data bootstrap was absent or incomplete (dominant errors: missing users/cases/rules/documents tables), causing cascade failures.","FAILED tests/test_integration_tools.py::TestAllFourToolsEndToEnd::test_deadline"
"FAILED","tests/test_integration_tools.py::TestAllFourToolsEndToEnd::test_compensation","ENVIRONMENT","payment","Fresh compose DB was reachable but schema/data bootstrap was absent or incomplete (dominant errors: missing users/cases/rules/documents tables), causing cascade failures.","FAILED tests/test_integration_tools.py::TestAllFourToolsEndToEnd::test_compensation"
"FAILED","tests/test_integration_tools.py::TestAllFourToolsEndToEnd::test_acas_prep","ENVIRONMENT","db/compose/test-env","Fresh compose DB was reachable but schema/data bootstrap was absent or incomplete (dominant errors: missing users/cases/rules/documents tables), causing cascade failures.","FAILED tests/test_integration_tools.py::TestAllFourToolsEndToEnd::test_acas_prep"
"FAILED","tests/test_integrity_framework.py::test_fake_citation_is_blocked_before_drafting_and_logged","REAL DEFECT","backend/tests","Non-environment assertion or exception; inspect before fixing.","FAILED tests/test_integrity_framework.py::test_fake_citation_is_blocked_before_drafting_and_logged"
"FAILED","tests/test_integrity_framework.py::test_every_fake_law_is_flagged_individually","REAL DEFECT","backend/tests","Non-environment assertion or exception; inspect before fixing.","FAILED tests/test_integrity_framework.py::test_every_fake_law_is_flagged_individually"
"FAILED","tests/test_jurisdiction_fail_closed.py::test_jurisdiction_table_seeded","ENVIRONMENT","db/compose/test-env","Fresh compose DB was reachable but schema/data bootstrap was absent or incomplete (dominant errors: missing users/cases/rules/documents tables), causing cascade failures.","FAILED tests/test_jurisdiction_fail_closed.py::test_jurisdiction_table_seeded"
"FAILED","tests/test_jurisdiction_fail_closed.py::test_every_legal_row_has_jurisdiction","ENVIRONMENT","db/compose/test-env","Fresh compose DB was reachable but schema/data bootstrap was absent or incomplete (dominant errors: missing users/cases/rules/documents tables), causing cascade failures.","FAILED tests/test_jurisdiction_fail_closed.py::test_every_legal_row_has_jurisdiction"
"FAILED","tests/test_jurisdiction_fail_closed.py::test_gb_unfair_dismissal_retrieves_gb_rules","ENVIRONMENT","db/compose/test-env","Fresh compose DB was reachable but schema/data bootstrap was absent or incomplete (dominant errors: missing users/cases/rules/documents tables), causing cascade failures.","FAILED tests/test_jurisdiction_fail_closed.py::test_gb_unfair_dismissal_retrieves_gb_rules"
"FAILED","tests/test_jurisdiction_fail_closed.py::test_ni_unfair_dismissal_fails_closed","ENVIRONMENT","db/compose/test-env","Fresh compose DB was reachable but schema/data bootstrap was absent or incomplete (dominant errors: missing users/cases/rules/documents tables), causing cascade failures.","FAILED tests/test_jurisdiction_fail_closed.py::test_ni_unfair_dismissal_fails_closed"
"FAILED","tests/test_jurisdiction_fail_closed.py::test_ni_query_does_not_return_gb_rules","ENVIRONMENT","db/compose/test-env","Fresh compose DB was reachable but schema/data bootstrap was absent or incomplete (dominant errors: missing users/cases/rules/documents tables), causing cascade failures.","FAILED tests/test_jurisdiction_fail_closed.py::test_ni_query_does_not_return_gb_rules"
"FAILED","tests/test_jurisdiction_fail_closed.py::test_materialized_view_excludes_ni","ENVIRONMENT","db/compose/test-env","Fresh compose DB was reachable but schema/data bootstrap was absent or incomplete (dominant errors: missing users/cases/rules/documents tables), causing cascade failures.","FAILED tests/test_jurisdiction_fail_closed.py::test_materialized_view_excludes_ni"
"FAILED","tests/test_jurisdiction_fail_closed.py::test_ni_source_recorded_as_unimplemented","ENVIRONMENT","db/compose/test-env","Fresh compose DB was reachable but schema/data bootstrap was absent or incomplete (dominant errors: missing users/cases/rules/documents tables), causing cascade failures.","FAILED tests/test_jurisdiction_fail_closed.py::test_ni_source_recorded_as_unimplemented"
"FAILED","tests/test_knowledge_proposals.py::TestKnowledgeProposals::test_approve_does_not_insert_rules","ENVIRONMENT","db/compose/test-env","Fresh compose DB was reachable but schema/data bootstrap was absent or incomplete (dominant errors: missing users/cases/rules/documents tables), causing cascade failures.","FAILED tests/test_knowledge_proposals.py::TestKnowledgeProposals::test_approve_does_not_insert_rules"
"FAILED","tests/test_legal_db_indexes.py::test_extensions","ENVIRONMENT","db/compose/test-env","Fresh compose DB was reachable but schema/data bootstrap was absent or incomplete (dominant errors: missing users/cases/rules/documents tables), causing cascade failures.","FAILED tests/test_legal_db_indexes.py::test_extensions - AssertionError: asse..."
"FAILED","tests/test_legal_db_indexes.py::test_vector_index_present","ENVIRONMENT","db/compose/test-env","Fresh compose DB was reachable but schema/data bootstrap was absent or incomplete (dominant errors: missing users/cases/rules/documents tables), causing cascade failures.","FAILED tests/test_legal_db_indexes.py::test_vector_index_present - assert 0 >= 1"
"FAILED","tests/test_legal_db_indexes.py::test_fulltext_indexes","ENVIRONMENT","db/compose/test-env","Fresh compose DB was reachable but schema/data bootstrap was absent or incomplete (dominant errors: missing users/cases/rules/documents tables), causing cascade failures.","FAILED tests/test_legal_db_indexes.py::test_fulltext_indexes - assert 0 >= 3"
"FAILED","tests/test_legal_db_indexes.py::test_trigram_indexes","ENVIRONMENT","db/compose/test-env","Fresh compose DB was reachable but schema/data bootstrap was absent or incomplete (dominant errors: missing users/cases/rules/documents tables), causing cascade failures.","FAILED tests/test_legal_db_indexes.py::test_trigram_indexes - assert 0 >= 5"
"FAILED","tests/test_legal_db_indexes.py::test_rules_composite_indexes","ENVIRONMENT","db/compose/test-env","Fresh compose DB was reachable but schema/data bootstrap was absent or incomplete (dominant errors: missing users/cases/rules/documents tables), causing cascade failures.","FAILED tests/test_legal_db_indexes.py::test_rules_composite_indexes - Asserti..."
"FAILED","tests/test_legal_db_indexes.py::test_views_and_mv_exist","ENVIRONMENT","db/compose/test-env","Fresh compose DB was reachable but schema/data bootstrap was absent or incomplete (dominant errors: missing users/cases/rules/documents tables), causing cascade failures.","FAILED tests/test_legal_db_indexes.py::test_views_and_mv_exist - assert 0 == 2"
"FAILED","tests/test_legal_db_indexes.py::test_corpus_chunks_no_missing_provenance","ENVIRONMENT","db/compose/test-env","Fresh compose DB was reachable but schema/data bootstrap was absent or incomplete (dominant errors: missing users/cases/rules/documents tables), causing cascade failures.","FAILED tests/test_legal_db_indexes.py::test_corpus_chunks_no_missing_provenance"
"FAILED","tests/test_legal_db_indexes.py::test_corpus_chunks_idempotent_no_duplicates","ENVIRONMENT","db/compose/test-env","Fresh compose DB was reachable but schema/data bootstrap was absent or incomplete (dominant errors: missing users/cases/rules/documents tables), causing cascade failures.","FAILED tests/test_legal_db_indexes.py::test_corpus_chunks_idempotent_no_duplicates"
"FAILED","tests/test_legal_db_indexes.py::test_required_sources_seeded","ENVIRONMENT","db/compose/test-env","Fresh compose DB was reachable but schema/data bootstrap was absent or incomplete (dominant errors: missing users/cases/rules/documents tables), causing cascade failures.","FAILED tests/test_legal_db_indexes.py::test_required_sources_seeded - psycopg..."
"FAILED","tests/test_legal_db_indexes.py::test_fcl_application_required_until_granted","ENVIRONMENT","db/compose/test-env","Fresh compose DB was reachable but schema/data bootstrap was absent or incomplete (dominant errors: missing users/cases/rules/documents tables), causing cascade failures.","FAILED tests/test_legal_db_indexes.py::test_fcl_application_required_until_granted"
"FAILED","tests/test_legal_sources_integrity.py::test_sources_present_with_provenance","REAL DEFECT","backend/tests","Non-environment assertion or exception; inspect before fixing.","FAILED tests/test_legal_sources_integrity.py::test_sources_present_with_provenance"
"FAILED","tests/test_legal_sources_integrity.py::test_find_case_law_bulk_blocked_unless_granted","REAL DEFECT","backend/tests","Non-environment assertion or exception; inspect before fixing.","FAILED tests/test_legal_sources_integrity.py::test_find_case_law_bulk_blocked_unless_granted"
"FAILED","tests/test_local_ollama_only_policy.py::test_rules_route_does_not_call_ollama","ENVIRONMENT","db/compose/test-env","Fresh compose DB was reachable but schema/data bootstrap was absent or incomplete (dominant errors: missing users/cases/rules/documents tables), causing cascade failures.","FAILED tests/test_local_ollama_only_policy.py::test_rules_route_does_not_call_ollama"
"FAILED","tests/test_local_ollama_only_policy.py::test_fake_uuid_from_output_is_rejected","ENVIRONMENT","db/compose/test-env","Fresh compose DB was reachable but schema/data bootstrap was absent or incomplete (dominant errors: missing users/cases/rules/documents tables), causing cascade failures.","FAILED tests/test_local_ollama_only_policy.py::test_fake_uuid_from_output_is_rejected"
"FAILED","tests/test_login_gate.py::TestFunnelSignalsOnly::test_save_does_not_persist_case_facts","REAL DEFECT","backend/tests","Non-environment assertion or exception; inspect before fixing.","FAILED tests/test_login_gate.py::TestFunnelSignalsOnly::test_save_does_not_persist_case_facts"
"FAILED","tests/test_login_gate.py::TestFunnelSignalsOnly::test_claim_returns_no_answers","REAL DEFECT","backend/tests","Non-environment assertion or exception; inspect before fixing.","FAILED tests/test_login_gate.py::TestFunnelSignalsOnly::test_claim_returns_no_answers"
"FAILED","tests/test_magic_link.py::TestMagicLinkConsume::test_consume_unknown_token_is_rejected","ENVIRONMENT","db/compose/test-env","Fresh compose DB was reachable but schema/data bootstrap was absent or incomplete (dominant errors: missing users/cases/rules/documents tables), causing cascade failures.","FAILED tests/test_magic_link.py::TestMagicLinkConsume::test_consume_unknown_token_is_rejected"
"FAILED","tests/test_magic_link.py::TestMagicLinkConsume::test_full_flow_issue_then_consume","ENVIRONMENT","db/compose/test-env","Fresh compose DB was reachable but schema/data bootstrap was absent or incomplete (dominant errors: missing users/cases/rules/documents tables), causing cascade failures.","FAILED tests/test_magic_link.py::TestMagicLinkConsume::test_full_flow_issue_then_consume"
"FAILED","tests/test_magic_link.py::TestMagicLinkConsume::test_issue_for_existing_account","ENVIRONMENT","db/compose/test-env","Fresh compose DB was reachable but schema/data bootstrap was absent or incomplete (dominant errors: missing users/cases/rules/documents tables), causing cascade failures.","FAILED tests/test_magic_link.py::TestMagicLinkConsume::test_issue_for_existing_account"
"FAILED","tests/test_magic_link.py::TestMagicLinkConsume::test_token_is_single_use","ENVIRONMENT","db/compose/test-env","Fresh compose DB was reachable but schema/data bootstrap was absent or incomplete (dominant errors: missing users/cases/rules/documents tables), causing cascade failures.","FAILED tests/test_magic_link.py::TestMagicLinkConsume::test_token_is_single_use"
"FAILED","tests/test_materialized_current_chunks.py::test_matview_exists_and_queryable","ENVIRONMENT","db/compose/test-env","Fresh compose DB was reachable but schema/data bootstrap was absent or incomplete (dominant errors: missing users/cases/rules/documents tables), causing cascade failures.","FAILED tests/test_materialized_current_chunks.py::test_matview_exists_and_queryable"
"FAILED","tests/test_materialized_current_chunks.py::test_matview_excludes_ni_and_missing_provenance","ENVIRONMENT","db/compose/test-env","Fresh compose DB was reachable but schema/data bootstrap was absent or incomplete (dominant errors: missing users/cases/rules/documents tables), causing cascade failures.","FAILED tests/test_materialized_current_chunks.py::test_matview_excludes_ni_and_missing_provenance"
"FAILED","tests/test_mother_controller.py::TestMotherController::test_process_factual_lane","ENVIRONMENT","intake/diagnosis","Fresh compose DB was reachable but schema/data bootstrap was absent or incomplete (dominant errors: missing users/cases/rules/documents tables), causing cascade failures.","FAILED tests/test_mother_controller.py::TestMotherController::test_process_factual_lane"
"FAILED","tests/test_mother_controller.py::TestMotherController::test_assess_wires_mother_controller","ENVIRONMENT","intake/diagnosis","Fresh compose DB was reachable but schema/data bootstrap was absent or incomplete (dominant errors: missing users/cases/rules/documents tables), causing cascade failures.","FAILED tests/test_mother_controller.py::TestMotherController::test_assess_wires_mother_controller"
"FAILED","tests/test_mother_controller.py::TestMotherController::test_diagnosis_alias","ENVIRONMENT","intake/diagnosis","Fresh compose DB was reachable but schema/data bootstrap was absent or incomplete (dominant errors: missing users/cases/rules/documents tables), causing cascade failures.","FAILED tests/test_mother_controller.py::TestMotherController::test_diagnosis_alias"
"FAILED","tests/test_mother_language_integration.py::test_mother_applies_arabic_language_layer_on_factual_lane","REAL DEFECT","backend/tests","Non-environment assertion or exception; inspect before fixing.","FAILED tests/test_mother_language_integration.py::test_mother_applies_arabic_language_layer_on_factual_lane"
"FAILED","tests/test_no_hardcoded_legal_values.py::test_distinctive_cap_values_not_hardcoded_in_app_code","REAL DEFECT","backend/tests","Non-environment assertion or exception; inspect before fixing.","FAILED tests/test_no_hardcoded_legal_values.py::test_distinctive_cap_values_not_hardcoded_in_app_code"
"FAILED","tests/test_onboarding.py::test_missing_role_is_422","ENVIRONMENT","db/compose/test-env","Fresh compose DB was reachable but schema/data bootstrap was absent or incomplete (dominant errors: missing users/cases/rules/documents tables), causing cascade failures.","FAILED tests/test_onboarding.py::test_missing_role_is_422 - psycopg2.errors.U..."
"FAILED","tests/test_onboarding.py::test_empty_role_is_400","ENVIRONMENT","db/compose/test-env","Fresh compose DB was reachable but schema/data bootstrap was absent or incomplete (dominant errors: missing users/cases/rules/documents tables), causing cascade failures.","FAILED tests/test_onboarding.py::test_empty_role_is_400 - assert 401 == 400"
"FAILED","tests/test_onboarding.py::test_unknown_role_is_400","ENVIRONMENT","db/compose/test-env","Fresh compose DB was reachable but schema/data bootstrap was absent or incomplete (dominant errors: missing users/cases/rules/documents tables), causing cascade failures.","FAILED tests/test_onboarding.py::test_unknown_role_is_400 - assert 401 == 400"
"FAILED","tests/test_onboarding.py::test_creates_first_case","ENVIRONMENT","db/compose/test-env","Fresh compose DB was reachable but schema/data bootstrap was absent or incomplete (dominant errors: missing users/cases/rules/documents tables), causing cascade failures.","FAILED tests/test_onboarding.py::test_creates_first_case - AssertionError: {""..."
"FAILED","tests/test_onboarding.py::test_case_title_from_name_when_no_case_type","ENVIRONMENT","db/compose/test-env","Fresh compose DB was reachable but schema/data bootstrap was absent or incomplete (dominant errors: missing users/cases/rules/documents tables), causing cascade failures.","FAILED tests/test_onboarding.py::test_case_title_from_name_when_no_case_type"
"FAILED","tests/test_onboarding.py::test_case_title_neutral_fallback","ENVIRONMENT","db/compose/test-env","Fresh compose DB was reachable but schema/data bootstrap was absent or incomplete (dominant errors: missing users/cases/rules/documents tables), causing cascade failures.","FAILED tests/test_onboarding.py::test_case_title_neutral_fallback - Assertion..."
"FAILED","tests/test_onboarding.py::test_idempotent_second_call_returns_same_case","ENVIRONMENT","db/compose/test-env","Fresh compose DB was reachable but schema/data bootstrap was absent or incomplete (dominant errors: missing users/cases/rules/documents tables), causing cascade failures.","FAILED tests/test_onboarding.py::test_idempotent_second_call_returns_same_case"
"FAILED","tests/test_onboarding.py::test_idempotent_resubmit_does_not_wipe_name","ENVIRONMENT","db/compose/test-env","Fresh compose DB was reachable but schema/data bootstrap was absent or incomplete (dominant errors: missing users/cases/rules/documents tables), causing cascade failures.","FAILED tests/test_onboarding.py::test_idempotent_resubmit_does_not_wipe_name"
"FAILED","tests/test_onboarding.py::test_onboarding_case_appears_in_cases_list","ENVIRONMENT","db/compose/test-env","Fresh compose DB was reachable but schema/data bootstrap was absent or incomplete (dominant errors: missing users/cases/rules/documents tables), causing cascade failures.","FAILED tests/test_onboarding.py::test_onboarding_case_appears_in_cases_list"
"FAILED","tests/test_onboarding.py::test_status_flips_after_completion","ENVIRONMENT","db/compose/test-env","Fresh compose DB was reachable but schema/data bootstrap was absent or incomplete (dominant errors: missing users/cases/rules/documents tables), causing cascade failures.","FAILED tests/test_onboarding.py::test_status_flips_after_completion - assert ..."
"FAILED","tests/test_outbox.py::test_publish_creates_pending_event_with_trace","ENVIRONMENT","db/compose/test-env","Fresh compose DB was reachable but schema/data bootstrap was absent or incomplete (dominant errors: missing users/cases/rules/documents tables), causing cascade failures.","FAILED tests/test_outbox.py::test_publish_creates_pending_event_with_trace - ..."
"FAILED","tests/test_outbox.py::test_duplicate_idempotency_key_is_noop","ENVIRONMENT","db/compose/test-env","Fresh compose DB was reachable but schema/data bootstrap was absent or incomplete (dominant errors: missing users/cases/rules/documents tables), causing cascade failures.","FAILED tests/test_outbox.py::test_duplicate_idempotency_key_is_noop - Asserti..."
"FAILED","tests/test_outbox.py::test_worker_drains_pending_to_processed","ENVIRONMENT","db/compose/test-env","Fresh compose DB was reachable but schema/data bootstrap was absent or incomplete (dominant errors: missing users/cases/rules/documents tables), causing cascade failures.","FAILED tests/test_outbox.py::test_worker_drains_pending_to_processed - assert..."
"FAILED","tests/test_outbox.py::test_failing_handler_retries_then_dead_letters","ENVIRONMENT","db/compose/test-env","Fresh compose DB was reachable but schema/data bootstrap was absent or incomplete (dominant errors: missing users/cases/rules/documents tables), causing cascade failures.","FAILED tests/test_outbox.py::test_failing_handler_retries_then_dead_letters"
"FAILED","tests/test_outbox_worker.py::test_claim_sets_processing_and_preserves_trace","ENVIRONMENT","db/compose/test-env","Fresh compose DB was reachable but schema/data bootstrap was absent or incomplete (dominant errors: missing users/cases/rules/documents tables), causing cascade failures.","FAILED tests/test_outbox_worker.py::test_claim_sets_processing_and_preserves_trace"
"FAILED","tests/test_outbox_worker.py::test_dispatch_success_marks_processed_with_timestamp","ENVIRONMENT","db/compose/test-env","Fresh compose DB was reachable but schema/data bootstrap was absent or incomplete (dominant errors: missing users/cases/rules/documents tables), causing cascade failures.","FAILED tests/test_outbox_worker.py::test_dispatch_success_marks_processed_with_timestamp"
"FAILED","tests/test_outbox_worker.py::test_failure_increments_retry_and_records_error","ENVIRONMENT","db/compose/test-env","Fresh compose DB was reachable but schema/data bootstrap was absent or incomplete (dominant errors: missing users/cases/rules/documents tables), causing cascade failures.","FAILED tests/test_outbox_worker.py::test_failure_increments_retry_and_records_error"
"FAILED","tests/test_outbox_worker.py::test_dead_letter_after_max_retries","ENVIRONMENT","db/compose/test-env","Fresh compose DB was reachable but schema/data bootstrap was absent or incomplete (dominant errors: missing users/cases/rules/documents tables), causing cascade failures.","FAILED tests/test_outbox_worker.py::test_dead_letter_after_max_retries - psyc..."
"FAILED","tests/test_payment_confirm_test_route.py::test_confirm_test_payment_disabled_outside_test_mode","ENVIRONMENT","payment","Fresh compose DB was reachable but schema/data bootstrap was absent or incomplete (dominant errors: missing users/cases/rules/documents tables), causing cascade failures.","FAILED tests/test_payment_confirm_test_route.py::test_confirm_test_payment_disabled_outside_test_mode"
"FAILED","tests/test_reasoning_routes.py::test_stream_factual_returns_deterministic_json_no_llm","REAL DEFECT","backend/tests","Non-environment assertion or exception; inspect before fixing.","FAILED tests/test_reasoning_routes.py::test_stream_factual_returns_deterministic_json_no_llm"
"FAILED","tests/test_reasoning_routes.py::test_stream_reasoning_enabled_yields_event_stream_failsoft","REAL DEFECT","backend/tests","Non-environment assertion or exception; inspect before fixing.","FAILED tests/test_reasoning_routes.py::test_stream_reasoning_enabled_yields_event_stream_failsoft"
"FAILED","tests/test_retrieval_jurisdiction_and_provenance.py::test_gb_unfair_dismissal_retrieves_gb_rules","ENVIRONMENT","db/compose/test-env","Fresh compose DB was reachable but schema/data bootstrap was absent or incomplete (dominant errors: missing users/cases/rules/documents tables), causing cascade failures.","FAILED tests/test_retrieval_jurisdiction_and_provenance.py::test_gb_unfair_dismissal_retrieves_gb_rules"
"FAILED","tests/test_retrieval_jurisdiction_and_provenance.py::test_ni_does_not_retrieve_gb_rules","ENVIRONMENT","db/compose/test-env","Fresh compose DB was reachable but schema/data bootstrap was absent or incomplete (dominant errors: missing users/cases/rules/documents tables), causing cascade failures.","FAILED tests/test_retrieval_jurisdiction_and_provenance.py::test_ni_does_not_retrieve_gb_rules"
"FAILED","tests/test_retrieval_jurisdiction_and_provenance.py::test_retrieved_bundle_has_provenance","ENVIRONMENT","db/compose/test-env","Fresh compose DB was reachable but schema/data bootstrap was absent or incomplete (dominant errors: missing users/cases/rules/documents tables), causing cascade failures.","FAILED tests/test_retrieval_jurisdiction_and_provenance.py::test_retrieved_bundle_has_provenance"
"FAILED","tests/test_rules_integrity.py::test_required_gb_rule_present[unfair_dismissal.time_limit_months]","ENVIRONMENT","db/compose/test-env","Fresh compose DB was reachable but schema/data bootstrap was absent or incomplete (dominant errors: missing users/cases/rules/documents tables), causing cascade failures.","FAILED tests/test_rules_integrity.py::test_required_gb_rule_present[unfair_dismissal.time_limit_months]"
"FAILED","tests/test_rules_integrity.py::test_required_gb_rule_present[unfair_dismissal.early_conciliation_required]","ENVIRONMENT","db/compose/test-env","Fresh compose DB was reachable but schema/data bootstrap was absent or incomplete (dominant errors: missing users/cases/rules/documents tables), causing cascade failures.","FAILED tests/test_rules_integrity.py::test_required_gb_rule_present[unfair_dismissal.early_conciliation_required]"
"FAILED","tests/test_rules_integrity.py::test_required_gb_rule_present[unfair_dismissal.qualifying_period]","ENVIRONMENT","db/compose/test-env","Fresh compose DB was reachable but schema/data bootstrap was absent or incomplete (dominant errors: missing users/cases/rules/documents tables), causing cascade failures.","FAILED tests/test_rules_integrity.py::test_required_gb_rule_present[unfair_dismissal.qualifying_period]"
"FAILED","tests/test_rules_integrity.py::test_required_gb_rule_present[unfair_dismissal.compensatory_cap_amount]","ENVIRONMENT","db/compose/test-env","Fresh compose DB was reachable but schema/data bootstrap was absent or incomplete (dominant errors: missing users/cases/rules/documents tables), causing cascade failures.","FAILED tests/test_rules_integrity.py::test_required_gb_rule_present[unfair_dismissal.compensatory_cap_amount]"
"FAILED","tests/test_rules_integrity.py::test_required_gb_rule_present[unfair_dismissal.compensatory_cap_weeks_pay]","ENVIRONMENT","db/compose/test-env","Fresh compose DB was reachable but schema/data bootstrap was absent or incomplete (dominant errors: missing users/cases/rules/documents tables), causing cascade failures.","FAILED tests/test_rules_integrity.py::test_required_gb_rule_present[unfair_dismissal.compensatory_cap_weeks_pay]"
"FAILED","tests/test_rules_integrity.py::test_required_gb_rule_present[unfair_dismissal.weeks_pay_cap_amount]","ENVIRONMENT","db/compose/test-env","Fresh compose DB was reachable but schema/data bootstrap was absent or incomplete (dominant errors: missing users/cases/rules/documents tables), causing cascade failures.","FAILED tests/test_rules_integrity.py::test_required_gb_rule_present[unfair_dismissal.weeks_pay_cap_amount]"
"FAILED","tests/test_rules_integrity.py::test_required_gb_rule_present[unfair_dismissal.basic_award_formula]","ENVIRONMENT","db/compose/test-env","Fresh compose DB was reachable but schema/data bootstrap was absent or incomplete (dominant errors: missing users/cases/rules/documents tables), causing cascade failures.","FAILED tests/test_rules_integrity.py::test_required_gb_rule_present[unfair_dismissal.basic_award_formula]"
"FAILED","tests/test_rules_integrity.py::test_required_gb_rule_present[unfair_dismissal.basic_award_min_automatic]","ENVIRONMENT","db/compose/test-env","Fresh compose DB was reachable but schema/data bootstrap was absent or incomplete (dominant errors: missing users/cases/rules/documents tables), causing cascade failures.","FAILED tests/test_rules_integrity.py::test_required_gb_rule_present[unfair_dismissal.basic_award_min_automatic]"
"FAILED","tests/test_rules_integrity.py::test_required_gb_rule_present[unfair_dismissal.acas_code_adjustment_percent]","ENVIRONMENT","db/compose/test-env","Fresh compose DB was reachable but schema/data bootstrap was absent or incomplete (dominant errors: missing users/cases/rules/documents tables), causing cascade failures.","FAILED tests/test_rules_integrity.py::test_required_gb_rule_present[unfair_dismissal.acas_code_adjustment_percent]"
"FAILED","tests/test_rules_integrity.py::test_required_gb_rule_present[unfair_dismissal.not_reasonably_practicable_extension]","ENVIRONMENT","db/compose/test-env","Fresh compose DB was reachable but schema/data bootstrap was absent or incomplete (dominant errors: missing users/cases/rules/documents tables), causing cascade failures.","FAILED tests/test_rules_integrity.py::test_required_gb_rule_present[unfair_dismissal.not_reasonably_practicable_extension]"
"FAILED","tests/test_rules_integrity.py::test_current_rules_fully_cited","ENVIRONMENT","db/compose/test-env","Fresh compose DB was reachable but schema/data bootstrap was absent or incomplete (dominant errors: missing users/cases/rules/documents tables), causing cascade failures.","FAILED tests/test_rules_integrity.py::test_current_rules_fully_cited - psycop..."
"FAILED","tests/test_rules_integrity.py::test_verification_status_in_allowed_set","ENVIRONMENT","db/compose/test-env","Fresh compose DB was reachable but schema/data bootstrap was absent or incomplete (dominant errors: missing users/cases/rules/documents tables), causing cascade failures.","FAILED tests/test_rules_integrity.py::test_verification_status_in_allowed_set"
"FAILED","tests/test_rules_integrity.py::test_caps_tied_to_official_uksi","ENVIRONMENT","db/compose/test-env","Fresh compose DB was reachable but schema/data bootstrap was absent or incomplete (dominant errors: missing users/cases/rules/documents tables), causing cascade failures.","FAILED tests/test_rules_integrity.py::test_caps_tied_to_official_uksi - psyco..."
"FAILED","tests/test_rules_integrity.py::test_caps_effective_dated_history","ENVIRONMENT","db/compose/test-env","Fresh compose DB was reachable but schema/data bootstrap was absent or incomplete (dominant errors: missing users/cases/rules/documents tables), causing cascade failures.","FAILED tests/test_rules_integrity.py::test_caps_effective_dated_history - psy..."
"FAILED","tests/test_services_health.py::test_rules_engine_evaluate_real","ENVIRONMENT","db/compose/test-env","Fresh compose DB was reachable but schema/data bootstrap was absent or incomplete (dominant errors: missing users/cases/rules/documents tables), causing cascade failures.","FAILED tests/test_services_health.py::test_rules_engine_evaluate_real - asser..."
"FAILED","tests/test_services_health.py::test_citation_guard_fake_uuid_fails","ENVIRONMENT","db/compose/test-env","Fresh compose DB was reachable but schema/data bootstrap was absent or incomplete (dominant errors: missing users/cases/rules/documents tables), causing cascade failures.","FAILED tests/test_services_health.py::test_citation_guard_fake_uuid_fails - p..."
"FAILED","tests/test_services_health.py::test_rag_retrieval_local_corpus_only","ENVIRONMENT","db/compose/test-env","Fresh compose DB was reachable but schema/data bootstrap was absent or incomplete (dominant errors: missing users/cases/rules/documents tables), causing cascade failures.","FAILED tests/test_services_health.py::test_rag_retrieval_local_corpus_only - ..."
"FAILED","tests/test_sovereign_pipeline.py::test_a_ingest_writes_extracted_profile_row","REAL DEFECT","backend/tests","Non-environment assertion or exception; inspect before fixing.","FAILED tests/test_sovereign_pipeline.py::test_a_ingest_writes_extracted_profile_row"
"FAILED","tests/test_sovereign_pipeline.py::test_b_query_streams_stages_and_is_citation_guarded","REAL DEFECT","backend/tests","Non-environment assertion or exception; inspect before fixing.","FAILED tests/test_sovereign_pipeline.py::test_b_query_streams_stages_and_is_citation_guarded"
"FAILED","tests/test_sovereign_pipeline.py::test_c_fake_citation_fails_closed","REAL DEFECT","backend/tests","Non-environment assertion or exception; inspect before fixing.","FAILED tests/test_sovereign_pipeline.py::test_c_fake_citation_fails_closed - ..."
"FAILED","tests/uploads/test_uploads.py::TestDocumentTableSchema::test_documents_table_exists","ENVIRONMENT","db/compose/test-env","Fresh compose DB was reachable but schema/data bootstrap was absent or incomplete (dominant errors: missing users/cases/rules/documents tables), causing cascade failures.","FAILED tests/uploads/test_uploads.py::TestDocumentTableSchema::test_documents_table_exists"
"FAILED","tests/uploads/test_uploads.py::TestDocumentTableSchema::test_documents_scoped_to_case","ENVIRONMENT","db/compose/test-env","Fresh compose DB was reachable but schema/data bootstrap was absent or incomplete (dominant errors: missing users/cases/rules/documents tables), causing cascade failures.","FAILED tests/uploads/test_uploads.py::TestDocumentTableSchema::test_documents_scoped_to_case"
"FAILED","tests/uploads/test_uploads.py::TestDocumentTableSchema::test_documents_has_user_upload_flag","ENVIRONMENT","db/compose/test-env","Fresh compose DB was reachable but schema/data bootstrap was absent or incomplete (dominant errors: missing users/cases/rules/documents tables), causing cascade failures.","FAILED tests/uploads/test_uploads.py::TestDocumentTableSchema::test_documents_has_user_upload_flag"
"FAILED","tests/uploads/test_uploads.py::TestDocumentTableSchema::test_documents_has_extracted_facts_field","ENVIRONMENT","db/compose/test-env","Fresh compose DB was reachable but schema/data bootstrap was absent or incomplete (dominant errors: missing users/cases/rules/documents tables), causing cascade failures.","FAILED tests/uploads/test_uploads.py::TestDocumentTableSchema::test_documents_has_extracted_facts_field"
"FAILED","tests/uploads/test_uploads.py::TestDocumentTableSchema::test_cases_scoped_to_user","ENVIRONMENT","db/compose/test-env","Fresh compose DB was reachable but schema/data bootstrap was absent or incomplete (dominant errors: missing users/cases/rules/documents tables), causing cascade failures.","FAILED tests/uploads/test_uploads.py::TestDocumentTableSchema::test_cases_scoped_to_user"
"FAILED","tests/uploads/test_uploads.py::TestUploadArchitectureReadiness::test_storage_ref_column_exists","ENVIRONMENT","db/compose/test-env","Fresh compose DB was reachable but schema/data bootstrap was absent or incomplete (dominant errors: missing users/cases/rules/documents tables), causing cascade failures.","FAILED tests/uploads/test_uploads.py::TestUploadArchitectureReadiness::test_storage_ref_column_exists"
"FAILED","tests/uploads/test_uploads.py::TestUploadArchitectureReadiness::test_doc_type_column_exists","ENVIRONMENT","db/compose/test-env","Fresh compose DB was reachable but schema/data bootstrap was absent or incomplete (dominant errors: missing users/cases/rules/documents tables), causing cascade failures.","FAILED tests/uploads/test_uploads.py::TestUploadArchitectureReadiness::test_doc_type_column_exists"
"ERROR","tests/e2e/test_t010_cross_user_rls_e2e.py::TestListIsolation::test_user_a_lists_only_own_cases","ENVIRONMENT","db/compose/test-env","Fresh compose DB was reachable but schema/data bootstrap was absent or incomplete (dominant errors: missing users/cases/rules/documents tables), causing cascade failures.","ERROR tests/e2e/test_t010_cross_user_rls_e2e.py::TestListIsolation::test_user_a_lists_only_own_cases"
"ERROR","tests/e2e/test_t010_cross_user_rls_e2e.py::TestListIsolation::test_user_b_lists_only_own_cases","ENVIRONMENT","db/compose/test-env","Fresh compose DB was reachable but schema/data bootstrap was absent or incomplete (dominant errors: missing users/cases/rules/documents tables), causing cascade failures.","ERROR tests/e2e/test_t010_cross_user_rls_e2e.py::TestListIsolation::test_user_b_lists_only_own_cases"
"ERROR","tests/e2e/test_t010_cross_user_rls_e2e.py::TestListIsolation::test_list_requires_authentication","ENVIRONMENT","db/compose/test-env","Fresh compose DB was reachable but schema/data bootstrap was absent or incomplete (dominant errors: missing users/cases/rules/documents tables), causing cascade failures.","ERROR tests/e2e/test_t010_cross_user_rls_e2e.py::TestListIsolation::test_list_requires_authentication"
"ERROR","tests/e2e/test_t010_cross_user_rls_e2e.py::TestGetCaseIsolation::test_owner_reads_own_case","ENVIRONMENT","db/compose/test-env","Fresh compose DB was reachable but schema/data bootstrap was absent or incomplete (dominant errors: missing users/cases/rules/documents tables), causing cascade failures.","ERROR tests/e2e/test_t010_cross_user_rls_e2e.py::TestGetCaseIsolation::test_owner_reads_own_case"
"ERROR","tests/e2e/test_t010_cross_user_rls_e2e.py::TestGetCaseIsolation::test_cross_user_get_is_forbidden","ENVIRONMENT","db/compose/test-env","Fresh compose DB was reachable but schema/data bootstrap was absent or incomplete (dominant errors: missing users/cases/rules/documents tables), causing cascade failures.","ERROR tests/e2e/test_t010_cross_user_rls_e2e.py::TestGetCaseIsolation::test_cross_user_get_is_forbidden"
"ERROR","tests/e2e/test_t010_cross_user_rls_e2e.py::TestGetCaseIsolation::test_cross_user_get_reverse_is_forbidden","ENVIRONMENT","db/compose/test-env","Fresh compose DB was reachable but schema/data bootstrap was absent or incomplete (dominant errors: missing users/cases/rules/documents tables), causing cascade failures.","ERROR tests/e2e/test_t010_cross_user_rls_e2e.py::TestGetCaseIsolation::test_cross_user_get_reverse_is_forbidden"
"ERROR","tests/e2e/test_t010_cross_user_rls_e2e.py::TestGetCaseIsolation::test_anonymous_get_is_unauthorized","ENVIRONMENT","db/compose/test-env","Fresh compose DB was reachable but schema/data bootstrap was absent or incomplete (dominant errors: missing users/cases/rules/documents tables), causing cascade failures.","ERROR tests/e2e/test_t010_cross_user_rls_e2e.py::TestGetCaseIsolation::test_anonymous_get_is_unauthorized"
"ERROR","tests/e2e/test_t010_cross_user_rls_e2e.py::TestSubResourceIsolation::test_cross_user_deadline_forbidden","ENVIRONMENT","db/compose/test-env","Fresh compose DB was reachable but schema/data bootstrap was absent or incomplete (dominant errors: missing users/cases/rules/documents tables), causing cascade failures.","ERROR tests/e2e/test_t010_cross_user_rls_e2e.py::TestSubResourceIsolation::test_cross_user_deadline_forbidden"
"ERROR","tests/e2e/test_t010_cross_user_rls_e2e.py::TestSubResourceIsolation::test_anonymous_deadline_unauthorized","ENVIRONMENT","db/compose/test-env","Fresh compose DB was reachable but schema/data bootstrap was absent or incomplete (dominant errors: missing users/cases/rules/documents tables), causing cascade failures.","ERROR tests/e2e/test_t010_cross_user_rls_e2e.py::TestSubResourceIsolation::test_anonymous_deadline_unauthorized"
"ERROR","tests/e2e/test_t010_cross_user_rls_e2e.py::TestSubResourceIsolation::test_cross_user_list_reminders_forbidden","ENVIRONMENT","db/compose/test-env","Fresh compose DB was reachable but schema/data bootstrap was absent or incomplete (dominant errors: missing users/cases/rules/documents tables), causing cascade failures.","ERROR tests/e2e/test_t010_cross_user_rls_e2e.py::TestSubResourceIsolation::test_cross_user_list_reminders_forbidden"
"ERROR","tests/e2e/test_t010_cross_user_rls_e2e.py::TestSubResourceIsolation::test_cross_user_create_reminder_forbidden","ENVIRONMENT","db/compose/test-env","Fresh compose DB was reachable but schema/data bootstrap was absent or incomplete (dominant errors: missing users/cases/rules/documents tables), causing cascade failures.","ERROR tests/e2e/test_t010_cross_user_rls_e2e.py::TestSubResourceIsolation::test_cross_user_create_reminder_forbidden"
"ERROR","tests/e2e/test_t010_cross_user_rls_e2e.py::TestSubResourceIsolation::test_cross_user_timeline_forbidden","ENVIRONMENT","db/compose/test-env","Fresh compose DB was reachable but schema/data bootstrap was absent or incomplete (dominant errors: missing users/cases/rules/documents tables), causing cascade failures.","ERROR tests/e2e/test_t010_cross_user_rls_e2e.py::TestSubResourceIsolation::test_cross_user_timeline_forbidden"
"ERROR","tests/e2e/test_t010_cross_user_rls_e2e.py::TestSubResourceIsolation::test_cross_user_escalation_forbidden","ENVIRONMENT","db/compose/test-env","Fresh compose DB was reachable but schema/data bootstrap was absent or incomplete (dominant errors: missing users/cases/rules/documents tables), causing cascade failures.","ERROR tests/e2e/test_t010_cross_user_rls_e2e.py::TestSubResourceIsolation::test_cross_user_escalation_forbidden"
"ERROR","tests/e2e/test_t010_cross_user_rls_e2e.py::TestSubResourceIsolation::test_cross_user_delete_forbidden","ENVIRONMENT","db/compose/test-env","Fresh compose DB was reachable but schema/data bootstrap was absent or incomplete (dominant errors: missing users/cases/rules/documents tables), causing cascade failures.","ERROR tests/e2e/test_t010_cross_user_rls_e2e.py::TestSubResourceIsolation::test_cross_user_delete_forbidden"
"ERROR","tests/e2e/test_t010_cross_user_rls_e2e.py::TestPaidEntitlementIsolation::test_cross_user_paid_bundle_forbidden","ENVIRONMENT","db/compose/test-env","Fresh compose DB was reachable but schema/data bootstrap was absent or incomplete (dominant errors: missing users/cases/rules/documents tables), causing cascade failures.","ERROR tests/e2e/test_t010_cross_user_rls_e2e.py::TestPaidEntitlementIsolation::test_cross_user_paid_bundle_forbidden"
"ERROR","tests/e2e/test_t010_cross_user_rls_e2e.py::TestPaidEntitlementIsolation::test_cross_user_bundle_preview_forbidden","ENVIRONMENT","db/compose/test-env","Fresh compose DB was reachable but schema/data bootstrap was absent or incomplete (dominant errors: missing users/cases/rules/documents tables), causing cascade failures.","ERROR tests/e2e/test_t010_cross_user_rls_e2e.py::TestPaidEntitlementIsolation::test_cross_user_bundle_preview_forbidden"
"ERROR","tests/e2e/test_t010_cross_user_rls_e2e.py::TestPaidEntitlementIsolation::test_entitlement_bound_to_owning_case_row","ENVIRONMENT","db/compose/test-env","Fresh compose DB was reachable but schema/data bootstrap was absent or incomplete (dominant errors: missing users/cases/rules/documents tables), causing cascade failures.","ERROR tests/e2e/test_t010_cross_user_rls_e2e.py::TestPaidEntitlementIsolation::test_entitlement_bound_to_owning_case_row"
"ERROR","tests/integration/test_phase3c_documents.py::test_particulars_of_claim_endpoint_returns_200","ENVIRONMENT","db/compose/test-env","Fresh compose DB was reachable but schema/data bootstrap was absent or incomplete (dominant errors: missing users/cases/rules/documents tables), causing cascade failures.","ERROR tests/integration/test_phase3c_documents.py::test_particulars_of_claim_endpoint_returns_200"
"ERROR","tests/integration/test_phase3c_documents.py::test_schedule_of_loss_endpoint_returns_200","ENVIRONMENT","db/compose/test-env","Fresh compose DB was reachable but schema/data bootstrap was absent or incomplete (dominant errors: missing users/cases/rules/documents tables), causing cascade failures.","ERROR tests/integration/test_phase3c_documents.py::test_schedule_of_loss_endpoint_returns_200"
"ERROR","tests/integration/test_phase3c_documents.py::test_particulars_includes_edt","ENVIRONMENT","db/compose/test-env","Fresh compose DB was reachable but schema/data bootstrap was absent or incomplete (dominant errors: missing users/cases/rules/documents tables), causing cascade failures.","ERROR tests/integration/test_phase3c_documents.py::test_particulars_includes_edt"
"ERROR","tests/integration/test_phase3c_documents.py::test_particulars_includes_reason_for_dismissal","ENVIRONMENT","db/compose/test-env","Fresh compose DB was reachable but schema/data bootstrap was absent or incomplete (dominant errors: missing users/cases/rules/documents tables), causing cascade failures.","ERROR tests/integration/test_phase3c_documents.py::test_particulars_includes_reason_for_dismissal"
"ERROR","tests/integration/test_phase3c_documents.py::test_particulars_includes_service_dates","ENVIRONMENT","db/compose/test-env","Fresh compose DB was reachable but schema/data bootstrap was absent or incomplete (dominant errors: missing users/cases/rules/documents tables), causing cascade failures.","ERROR tests/integration/test_phase3c_documents.py::test_particulars_includes_service_dates"
"ERROR","tests/integration/test_phase3c_documents.py::test_schedule_includes_value_range_figures","ENVIRONMENT","db/compose/test-env","Fresh compose DB was reachable but schema/data bootstrap was absent or incomplete (dominant errors: missing users/cases/rules/documents tables), causing cascade failures.","ERROR tests/integration/test_phase3c_documents.py::test_schedule_includes_value_range_figures"
"ERROR","tests/integration/test_phase3c_documents.py::test_schedule_includes_value_range_basis","ENVIRONMENT","db/compose/test-env","Fresh compose DB was reachable but schema/data bootstrap was absent or incomplete (dominant errors: missing users/cases/rules/documents tables), causing cascade failures.","ERROR tests/integration/test_phase3c_documents.py::test_schedule_includes_value_range_basis"
"ERROR","tests/integration/test_phase3c_documents.py::test_poc_includes_unfair_dismissal_claim_type","ENVIRONMENT","db/compose/test-env","Fresh compose DB was reachable but schema/data bootstrap was absent or incomplete (dominant errors: missing users/cases/rules/documents tables), causing cascade failures.","ERROR tests/integration/test_phase3c_documents.py::test_poc_includes_unfair_dismissal_claim_type"
"ERROR","tests/integration/test_phase3c_documents.py::test_sol_includes_unfair_dismissal_claim_type","ENVIRONMENT","db/compose/test-env","Fresh compose DB was reachable but schema/data bootstrap was absent or incomplete (dominant errors: missing users/cases/rules/documents tables), causing cascade failures.","ERROR tests/integration/test_phase3c_documents.py::test_sol_includes_unfair_dismissal_claim_type"
"ERROR","tests/integration/test_phase3c_documents.py::test_poc_includes_legal_boundary_notice","ENVIRONMENT","db/compose/test-env","Fresh compose DB was reachable but schema/data bootstrap was absent or incomplete (dominant errors: missing users/cases/rules/documents tables), causing cascade failures.","ERROR tests/integration/test_phase3c_documents.py::test_poc_includes_legal_boundary_notice"
"ERROR","tests/integration/test_phase3c_documents.py::test_sol_includes_legal_boundary_notice","ENVIRONMENT","db/compose/test-env","Fresh compose DB was reachable but schema/data bootstrap was absent or incomplete (dominant errors: missing users/cases/rules/documents tables), causing cascade failures.","ERROR tests/integration/test_phase3c_documents.py::test_sol_includes_legal_boundary_notice"
"ERROR","tests/integration/test_phase3c_documents.py::test_documents_include_self_help_draft_label","ENVIRONMENT","db/compose/test-env","Fresh compose DB was reachable but schema/data bootstrap was absent or incomplete (dominant errors: missing users/cases/rules/documents tables), causing cascade failures.","ERROR tests/integration/test_phase3c_documents.py::test_documents_include_self_help_draft_label"
"ERROR","tests/integration/test_phase3c_documents.py::test_poc_no_guarantee_language","ENVIRONMENT","db/compose/test-env","Fresh compose DB was reachable but schema/data bootstrap was absent or incomplete (dominant errors: missing users/cases/rules/documents tables), causing cascade failures.","ERROR tests/integration/test_phase3c_documents.py::test_poc_no_guarantee_language"
"ERROR","tests/integration/test_phase3c_documents.py::test_sol_no_guarantee_language","ENVIRONMENT","db/compose/test-env","Fresh compose DB was reachable but schema/data bootstrap was absent or incomplete (dominant errors: missing users/cases/rules/documents tables), causing cascade failures.","ERROR tests/integration/test_phase3c_documents.py::test_sol_no_guarantee_language"
"ERROR","tests/integration/test_phase3c_documents.py::test_poc_no_filing_language","ENVIRONMENT","db/compose/test-env","Fresh compose DB was reachable but schema/data bootstrap was absent or incomplete (dominant errors: missing users/cases/rules/documents tables), causing cascade failures.","ERROR tests/integration/test_phase3c_documents.py::test_poc_no_filing_language"
"ERROR","tests/integration/test_phase3c_documents.py::test_sol_no_representation_language","ENVIRONMENT","db/compose/test-env","Fresh compose DB was reachable but schema/data bootstrap was absent or incomplete (dominant errors: missing users/cases/rules/documents tables), causing cascade failures.","ERROR tests/integration/test_phase3c_documents.py::test_sol_no_representation_language"
"ERROR","tests/integration/test_phase3c_documents.py::test_unsupported_document_type_returns_422","ENVIRONMENT","db/compose/test-env","Fresh compose DB was reachable but schema/data bootstrap was absent or incomplete (dominant errors: missing users/cases/rules/documents tables), causing cascade failures.","ERROR tests/integration/test_phase3c_documents.py::test_unsupported_document_type_returns_422"
"ERROR","tests/integration/test_phase3c_documents.py::test_empty_facts_does_not_crash","ENVIRONMENT","db/compose/test-env","Fresh compose DB was reachable but schema/data bootstrap was absent or incomplete (dominant errors: missing users/cases/rules/documents tables), causing cascade failures.","ERROR tests/integration/test_phase3c_documents.py::test_empty_facts_does_not_crash"
"ERROR","tests/integration/test_phase3c_documents.py::test_safety_check_blocks_guarantee_phrase","ENVIRONMENT","db/compose/test-env","Fresh compose DB was reachable but schema/data bootstrap was absent or incomplete (dominant errors: missing users/cases/rules/documents tables), causing cascade failures.","ERROR tests/integration/test_phase3c_documents.py::test_safety_check_blocks_guarantee_phrase"
"ERROR","tests/integration/test_phase3c_documents.py::test_safety_check_blocks_filing_phrase","ENVIRONMENT","db/compose/test-env","Fresh compose DB was reachable but schema/data bootstrap was absent or incomplete (dominant errors: missing users/cases/rules/documents tables), causing cascade failures.","ERROR tests/integration/test_phase3c_documents.py::test_safety_check_blocks_filing_phrase"
"ERROR","tests/integration/test_phase3c_documents.py::test_safety_check_blocks_representation_phrase","ENVIRONMENT","db/compose/test-env","Fresh compose DB was reachable but schema/data bootstrap was absent or incomplete (dominant errors: missing users/cases/rules/documents tables), causing cascade failures.","ERROR tests/integration/test_phase3c_documents.py::test_safety_check_blocks_representation_phrase"
"ERROR","tests/integration/test_phase3c_documents.py::test_safety_check_passes_clean_content","ENVIRONMENT","db/compose/test-env","Fresh compose DB was reachable but schema/data bootstrap was absent or incomplete (dominant errors: missing users/cases/rules/documents tables), causing cascade failures.","ERROR tests/integration/test_phase3c_documents.py::test_safety_check_passes_clean_content"
"ERROR","tests/integration/test_phase3c_documents.py::test_rules_api_still_works","ENVIRONMENT","db/compose/test-env","Fresh compose DB was reachable but schema/data bootstrap was absent or incomplete (dominant errors: missing users/cases/rules/documents tables), causing cascade failures.","ERROR tests/integration/test_phase3c_documents.py::test_rules_api_still_works"
"ERROR","tests/integration/test_phase3c_documents.py::test_assess_endpoint_still_validates_client_deadline","ENVIRONMENT","db/compose/test-env","Fresh compose DB was reachable but schema/data bootstrap was absent or incomplete (dominant errors: missing users/cases/rules/documents tables), causing cascade failures.","ERROR tests/integration/test_phase3c_documents.py::test_assess_endpoint_still_validates_client_deadline"
"ERROR","tests/integration/test_phase3c_documents.py::test_static_routes_still_serve","ENVIRONMENT","db/compose/test-env","Fresh compose DB was reachable but schema/data bootstrap was absent or incomplete (dominant errors: missing users/cases/rules/documents tables), causing cascade failures.","ERROR tests/integration/test_phase3c_documents.py::test_static_routes_still_serve"
"ERROR","tests/integration/test_phase3c_documents.py::test_health_still_ok","ENVIRONMENT","db/compose/test-env","Fresh compose DB was reachable but schema/data bootstrap was absent or incomplete (dominant errors: missing users/cases/rules/documents tables), causing cascade failures.","ERROR tests/integration/test_phase3c_documents.py::test_health_still_ok - ass..."
"ERROR","tests/integration/test_phase3d_paid_handoff.py::test_unpaid_document_returns_payment_required_true","ENVIRONMENT","payment","Fresh compose DB was reachable but schema/data bootstrap was absent or incomplete (dominant errors: missing users/cases/rules/documents tables), causing cascade failures.","ERROR tests/integration/test_phase3d_paid_handoff.py::test_unpaid_document_returns_payment_required_true"
"ERROR","tests/integration/test_phase3d_paid_handoff.py::test_unpaid_document_content_is_truncated","ENVIRONMENT","payment","Fresh compose DB was reachable but schema/data bootstrap was absent or incomplete (dominant errors: missing users/cases/rules/documents tables), causing cascade failures.","ERROR tests/integration/test_phase3d_paid_handoff.py::test_unpaid_document_content_is_truncated"
"ERROR","tests/integration/test_phase3d_paid_handoff.py::test_unpaid_preview_contains_preview_notice","ENVIRONMENT","payment","Fresh compose DB was reachable but schema/data bootstrap was absent or incomplete (dominant errors: missing users/cases/rules/documents tables), causing cascade failures.","ERROR tests/integration/test_phase3d_paid_handoff.py::test_unpaid_preview_contains_preview_notice"
"ERROR","tests/integration/test_phase3d_paid_handoff.py::test_paid_document_returns_payment_required_false","ENVIRONMENT","payment","Fresh compose DB was reachable but schema/data bootstrap was absent or incomplete (dominant errors: missing users/cases/rules/documents tables), causing cascade failures.","ERROR tests/integration/test_phase3d_paid_handoff.py::test_paid_document_returns_payment_required_false"
"ERROR","tests/integration/test_phase3d_paid_handoff.py::test_paid_document_returns_full_content","ENVIRONMENT","payment","Fresh compose DB was reachable but schema/data bootstrap was absent or incomplete (dominant errors: missing users/cases/rules/documents tables), causing cascade failures.","ERROR tests/integration/test_phase3d_paid_handoff.py::test_paid_document_returns_full_content"
"ERROR","tests/integration/test_phase3d_paid_handoff.py::test_paid_sol_returns_full_content","ENVIRONMENT","payment","Fresh compose DB was reachable but schema/data bootstrap was absent or incomplete (dominant errors: missing users/cases/rules/documents tables), causing cascade failures.","ERROR tests/integration/test_phase3d_paid_handoff.py::test_paid_sol_returns_full_content"
"ERROR","tests/integration/test_phase3d_paid_handoff.py::test_preview_contains_legal_boundary_notice","ENVIRONMENT","payment","Fresh compose DB was reachable but schema/data bootstrap was absent or incomplete (dominant errors: missing users/cases/rules/documents tables), causing cascade failures.","ERROR tests/integration/test_phase3d_paid_handoff.py::test_preview_contains_legal_boundary_notice"
"ERROR","tests/integration/test_phase3d_paid_handoff.py::test_case_save_returns_case_id","ENVIRONMENT","payment","Fresh compose DB was reachable but schema/data bootstrap was absent or incomplete (dominant errors: missing users/cases/rules/documents tables), causing cascade failures.","ERROR tests/integration/test_phase3d_paid_handoff.py::test_case_save_returns_case_id"
"ERROR","tests/integration/test_phase3d_paid_handoff.py::test_case_save_and_retrieve","ENVIRONMENT","payment","Fresh compose DB was reachable but schema/data bootstrap was absent or incomplete (dominant errors: missing users/cases/rules/documents tables), causing cascade failures.","ERROR tests/integration/test_phase3d_paid_handoff.py::test_case_save_and_retrieve"
"ERROR","tests/integration/test_phase3d_paid_handoff.py::test_case_retrieve_404_unknown_id","ENVIRONMENT","payment","Fresh compose DB was reachable but schema/data bootstrap was absent or incomplete (dominant errors: missing users/cases/rules/documents tables), causing cascade failures.","ERROR tests/integration/test_phase3d_paid_handoff.py::test_case_retrieve_404_unknown_id"
"ERROR","tests/integration/test_phase3d_paid_handoff.py::test_handoff_seek_solicitor_captured","ENVIRONMENT","payment","Fresh compose DB was reachable but schema/data bootstrap was absent or incomplete (dominant errors: missing users/cases/rules/documents tables), causing cascade failures.","ERROR tests/integration/test_phase3d_paid_handoff.py::test_handoff_seek_solicitor_captured"
"ERROR","tests/integration/test_phase3d_paid_handoff.py::test_handoff_insufficient_grounding_captured","ENVIRONMENT","payment","Fresh compose DB was reachable but schema/data bootstrap was absent or incomplete (dominant errors: missing users/cases/rules/documents tables), causing cascade failures.","ERROR tests/integration/test_phase3d_paid_handoff.py::test_handoff_insufficient_grounding_captured"
"ERROR","tests/integration/test_phase3d_paid_handoff.py::test_handoff_message_states_not_a_solicitor","ENVIRONMENT","payment","Fresh compose DB was reachable but schema/data bootstrap was absent or incomplete (dominant errors: missing users/cases/rules/documents tables), causing cascade failures.","ERROR tests/integration/test_phase3d_paid_handoff.py::test_handoff_message_states_not_a_solicitor"
"ERROR","tests/integration/test_phase3d_paid_handoff.py::test_handoff_without_consent_returns_422","ENVIRONMENT","payment","Fresh compose DB was reachable but schema/data bootstrap was absent or incomplete (dominant errors: missing users/cases/rules/documents tables), causing cascade failures.","ERROR tests/integration/test_phase3d_paid_handoff.py::test_handoff_without_consent_returns_422"
"ERROR","tests/integration/test_phase3d_paid_handoff.py::test_handoff_invalid_trigger_reason_returns_422","ENVIRONMENT","payment","Fresh compose DB was reachable but schema/data bootstrap was absent or incomplete (dominant errors: missing users/cases/rules/documents tables), causing cascade failures.","ERROR tests/integration/test_phase3d_paid_handoff.py::test_handoff_invalid_trigger_reason_returns_422"
"ERROR","tests/integration/test_phase3d_paid_handoff.py::test_handoff_missing_name_returns_422","ENVIRONMENT","payment","Fresh compose DB was reachable but schema/data bootstrap was absent or incomplete (dominant errors: missing users/cases/rules/documents tables), causing cascade failures.","ERROR tests/integration/test_phase3d_paid_handoff.py::test_handoff_missing_name_returns_422"
"ERROR","tests/integration/test_phase3d_paid_handoff.py::test_phase3c_document_generation_still_works","ENVIRONMENT","payment","Fresh compose DB was reachable but schema/data bootstrap was absent or incomplete (dominant errors: missing users/cases/rules/documents tables), causing cascade failures.","ERROR tests/integration/test_phase3d_paid_handoff.py::test_phase3c_document_generation_still_works"
"ERROR","tests/integration/test_phase3d_paid_handoff.py::test_phase3c_safety_check_still_blocks_bad_phrases","ENVIRONMENT","payment","Fresh compose DB was reachable but schema/data bootstrap was absent or incomplete (dominant errors: missing users/cases/rules/documents tables), causing cascade failures.","ERROR tests/integration/test_phase3d_paid_handoff.py::test_phase3c_safety_check_still_blocks_bad_phrases"
"ERROR","tests/integration/test_phase3d_paid_handoff.py::test_rules_api_still_returns_time_limit","ENVIRONMENT","payment","Fresh compose DB was reachable but schema/data bootstrap was absent or incomplete (dominant errors: missing users/cases/rules/documents tables), causing cascade failures.","ERROR tests/integration/test_phase3d_paid_handoff.py::test_rules_api_still_returns_time_limit"
"ERROR","tests/integration/test_phase3d_paid_handoff.py::test_deadline_mismatch_detection_still_works","ENVIRONMENT","payment","Fresh compose DB was reachable but schema/data bootstrap was absent or incomplete (dominant errors: missing users/cases/rules/documents tables), causing cascade failures.","ERROR tests/integration/test_phase3d_paid_handoff.py::test_deadline_mismatch_detection_still_works"
"ERROR","tests/integration/test_phase3d_paid_handoff.py::test_static_routes_still_serve","ENVIRONMENT","payment","Fresh compose DB was reachable but schema/data bootstrap was absent or incomplete (dominant errors: missing users/cases/rules/documents tables), causing cascade failures.","ERROR tests/integration/test_phase3d_paid_handoff.py::test_static_routes_still_serve"
"ERROR","tests/integration/test_phase3d_paid_handoff.py::test_health_still_ok","ENVIRONMENT","payment","Fresh compose DB was reachable but schema/data bootstrap was absent or incomplete (dominant errors: missing users/cases/rules/documents tables), causing cascade failures.","ERROR tests/integration/test_phase3d_paid_handoff.py::test_health_still_ok - ..."
"ERROR","tests/integration/test_phase3e_mvp_close.py::test_urgency_expired","ENVIRONMENT","db/compose/test-env","Fresh compose DB was reachable but schema/data bootstrap was absent or incomplete (dominant errors: missing users/cases/rules/documents tables), causing cascade failures.","ERROR tests/integration/test_phase3e_mvp_close.py::test_urgency_expired - psy..."
"ERROR","tests/integration/test_phase3e_mvp_close.py::test_urgency_within_7","ENVIRONMENT","db/compose/test-env","Fresh compose DB was reachable but schema/data bootstrap was absent or incomplete (dominant errors: missing users/cases/rules/documents tables), causing cascade failures.","ERROR tests/integration/test_phase3e_mvp_close.py::test_urgency_within_7 - ps..."
"ERROR","tests/integration/test_phase3e_mvp_close.py::test_urgency_within_14","ENVIRONMENT","db/compose/test-env","Fresh compose DB was reachable but schema/data bootstrap was absent or incomplete (dominant errors: missing users/cases/rules/documents tables), causing cascade failures.","ERROR tests/integration/test_phase3e_mvp_close.py::test_urgency_within_14 - p..."
"ERROR","tests/integration/test_phase3e_mvp_close.py::test_urgency_within_30","ENVIRONMENT","db/compose/test-env","Fresh compose DB was reachable but schema/data bootstrap was absent or incomplete (dominant errors: missing users/cases/rules/documents tables), causing cascade failures.","ERROR tests/integration/test_phase3e_mvp_close.py::test_urgency_within_30 - p..."
"ERROR","tests/integration/test_phase3e_mvp_close.py::test_urgency_safe","ENVIRONMENT","db/compose/test-env","Fresh compose DB was reachable but schema/data bootstrap was absent or incomplete (dominant errors: missing users/cases/rules/documents tables), causing cascade failures.","ERROR tests/integration/test_phase3e_mvp_close.py::test_urgency_safe - psycop..."
"ERROR","tests/integration/test_phase3e_mvp_close.py::test_urgency_boundary_exactly_30_days","ENVIRONMENT","db/compose/test-env","Fresh compose DB was reachable but schema/data bootstrap was absent or incomplete (dominant errors: missing users/cases/rules/documents tables), causing cascade failures.","ERROR tests/integration/test_phase3e_mvp_close.py::test_urgency_boundary_exactly_30_days"
"ERROR","tests/integration/test_phase3e_mvp_close.py::test_urgency_boundary_exactly_7_days","ENVIRONMENT","db/compose/test-env","Fresh compose DB was reachable but schema/data bootstrap was absent or incomplete (dominant errors: missing users/cases/rules/documents tables), causing cascade failures.","ERROR tests/integration/test_phase3e_mvp_close.py::test_urgency_boundary_exactly_7_days"
"ERROR","tests/integration/test_phase3e_mvp_close.py::test_deadline_endpoint_returns_urgency","ENVIRONMENT","db/compose/test-env","Fresh compose DB was reachable but schema/data bootstrap was absent or incomplete (dominant errors: missing users/cases/rules/documents tables), causing cascade failures.","ERROR tests/integration/test_phase3e_mvp_close.py::test_deadline_endpoint_returns_urgency"
"ERROR","tests/integration/test_phase3e_mvp_close.py::test_deadline_endpoint_expired_via_as_of","ENVIRONMENT","db/compose/test-env","Fresh compose DB was reachable but schema/data bootstrap was absent or incomplete (dominant errors: missing users/cases/rules/documents tables), causing cascade failures.","ERROR tests/integration/test_phase3e_mvp_close.py::test_deadline_endpoint_expired_via_as_of"
"ERROR","tests/integration/test_phase3e_mvp_close.py::test_deadline_endpoint_safe_via_as_of","ENVIRONMENT","db/compose/test-env","Fresh compose DB was reachable but schema/data bootstrap was absent or incomplete (dominant errors: missing users/cases/rules/documents tables), causing cascade failures.","ERROR tests/integration/test_phase3e_mvp_close.py::test_deadline_endpoint_safe_via_as_of"
"ERROR","tests/integration/test_phase3e_mvp_close.py::test_deadline_endpoint_missing_deadline","ENVIRONMENT","db/compose/test-env","Fresh compose DB was reachable but schema/data bootstrap was absent or incomplete (dominant errors: missing users/cases/rules/documents tables), causing cascade failures.","ERROR tests/integration/test_phase3e_mvp_close.py::test_deadline_endpoint_missing_deadline"
"ERROR","tests/integration/test_phase3e_mvp_close.py::test_deadline_endpoint_404_unknown_case","ENVIRONMENT","db/compose/test-env","Fresh compose DB was reachable but schema/data bootstrap was absent or incomplete (dominant errors: missing users/cases/rules/documents tables), causing cascade failures.","ERROR tests/integration/test_phase3e_mvp_close.py::test_deadline_endpoint_404_unknown_case"
"ERROR","tests/integration/test_phase3e_mvp_close.py::test_saved_case_reload_preserves_assessment","ENVIRONMENT","db/compose/test-env","Fresh compose DB was reachable but schema/data bootstrap was absent or incomplete (dominant errors: missing users/cases/rules/documents tables), causing cascade failures.","ERROR tests/integration/test_phase3e_mvp_close.py::test_saved_case_reload_preserves_assessment"
"ERROR","tests/integration/test_phase3e_mvp_close.py::test_saved_case_reload_preserves_key_dates","ENVIRONMENT","db/compose/test-env","Fresh compose DB was reachable but schema/data bootstrap was absent or incomplete (dominant errors: missing users/cases/rules/documents tables), causing cascade failures.","ERROR tests/integration/test_phase3e_mvp_close.py::test_saved_case_reload_preserves_key_dates"
"ERROR","tests/integration/test_phase3e_mvp_close.py::test_saved_case_preserves_claim_type_and_status","ENVIRONMENT","db/compose/test-env","Fresh compose DB was reachable but schema/data bootstrap was absent or incomplete (dominant errors: missing users/cases/rules/documents tables), causing cascade failures.","ERROR tests/integration/test_phase3e_mvp_close.py::test_saved_case_preserves_claim_type_and_status"
"ERROR","tests/integration/test_phase3e_mvp_close.py::test_saved_case_404_unknown_id","ENVIRONMENT","db/compose/test-env","Fresh compose DB was reachable but schema/data bootstrap was absent or incomplete (dominant errors: missing users/cases/rules/documents tables), causing cascade failures.","ERROR tests/integration/test_phase3e_mvp_close.py::test_saved_case_404_unknown_id"
"ERROR","tests/integration/test_phase3e_mvp_close.py::test_reminder_creation_works","ENVIRONMENT","db/compose/test-env","Fresh compose DB was reachable but schema/data bootstrap was absent or incomplete (dominant errors: missing users/cases/rules/documents tables), causing cascade failures.","ERROR tests/integration/test_phase3e_mvp_close.py::test_reminder_creation_works"
"ERROR","tests/integration/test_phase3e_mvp_close.py::test_reminder_list_returns_created_reminders","ENVIRONMENT","db/compose/test-env","Fresh compose DB was reachable but schema/data bootstrap was absent or incomplete (dominant errors: missing users/cases/rules/documents tables), causing cascade failures.","ERROR tests/integration/test_phase3e_mvp_close.py::test_reminder_list_returns_created_reminders"
"ERROR","tests/integration/test_phase3e_mvp_close.py::test_reminder_invalid_type_returns_422","ENVIRONMENT","db/compose/test-env","Fresh compose DB was reachable but schema/data bootstrap was absent or incomplete (dominant errors: missing users/cases/rules/documents tables), causing cascade failures.","ERROR tests/integration/test_phase3e_mvp_close.py::test_reminder_invalid_type_returns_422"
"ERROR","tests/integration/test_phase3e_mvp_close.py::test_reminder_404_unknown_case","ENVIRONMENT","db/compose/test-env","Fresh compose DB was reachable but schema/data bootstrap was absent or incomplete (dominant errors: missing users/cases/rules/documents tables), causing cascade failures.","ERROR tests/integration/test_phase3e_mvp_close.py::test_reminder_404_unknown_case"
"ERROR","tests/integration/test_phase3e_mvp_close.py::test_legal_boundary_present[/-Landing","ENVIRONMENT","db/compose/test-env","Fresh compose DB was reachable but schema/data bootstrap was absent or incomplete (dominant errors: missing users/cases/rules/documents tables), causing cascade failures.","ERROR tests/integration/test_phase3e_mvp_close.py::test_legal_boundary_present[/-Landing page]"
"ERROR","tests/integration/test_phase3e_mvp_close.py::test_legal_boundary_present[/pages/intake.html-Intake","ENVIRONMENT","db/compose/test-env","Fresh compose DB was reachable but schema/data bootstrap was absent or incomplete (dominant errors: missing users/cases/rules/documents tables), causing cascade failures.","ERROR tests/integration/test_phase3e_mvp_close.py::test_legal_boundary_present[/pages/intake.html-Intake page]"
"ERROR","tests/integration/test_phase3e_mvp_close.py::test_legal_boundary_present[/pages/assessment.html-Assessment","ENVIRONMENT","db/compose/test-env","Fresh compose DB was reachable but schema/data bootstrap was absent or incomplete (dominant errors: missing users/cases/rules/documents tables), causing cascade failures.","ERROR tests/integration/test_phase3e_mvp_close.py::test_legal_boundary_present[/pages/assessment.html-Assessment page]"
"ERROR","tests/integration/test_phase3e_mvp_close.py::test_legal_boundary_present[/pages/saved_case.html-Saved","ENVIRONMENT","db/compose/test-env","Fresh compose DB was reachable but schema/data bootstrap was absent or incomplete (dominant errors: missing users/cases/rules/documents tables), causing cascade failures.","ERROR tests/integration/test_phase3e_mvp_close.py::test_legal_boundary_present[/pages/saved_case.html-Saved case page]"
"ERROR","tests/integration/test_phase3e_mvp_close.py::test_no_prohibited_phrases[/-Landing","ENVIRONMENT","db/compose/test-env","Fresh compose DB was reachable but schema/data bootstrap was absent or incomplete (dominant errors: missing users/cases/rules/documents tables), causing cascade failures.","ERROR tests/integration/test_phase3e_mvp_close.py::test_no_prohibited_phrases[/-Landing page]"
"ERROR","tests/integration/test_phase3e_mvp_close.py::test_no_prohibited_phrases[/pages/intake.html-Intake","ENVIRONMENT","db/compose/test-env","Fresh compose DB was reachable but schema/data bootstrap was absent or incomplete (dominant errors: missing users/cases/rules/documents tables), causing cascade failures.","ERROR tests/integration/test_phase3e_mvp_close.py::test_no_prohibited_phrases[/pages/intake.html-Intake page]"
"ERROR","tests/integration/test_phase3e_mvp_close.py::test_no_prohibited_phrases[/pages/assessment.html-Assessment","ENVIRONMENT","db/compose/test-env","Fresh compose DB was reachable but schema/data bootstrap was absent or incomplete (dominant errors: missing users/cases/rules/documents tables), causing cascade failures.","ERROR tests/integration/test_phase3e_mvp_close.py::test_no_prohibited_phrases[/pages/assessment.html-Assessment page]"
"ERROR","tests/integration/test_phase3e_mvp_close.py::test_no_prohibited_phrases[/pages/saved_case.html-Saved","ENVIRONMENT","db/compose/test-env","Fresh compose DB was reachable but schema/data bootstrap was absent or incomplete (dominant errors: missing users/cases/rules/documents tables), causing cascade failures.","ERROR tests/integration/test_phase3e_mvp_close.py::test_no_prohibited_phrases[/pages/saved_case.html-Saved case page]"
"ERROR","tests/integration/test_phase3e_mvp_close.py::test_saved_case_page_served","ENVIRONMENT","db/compose/test-env","Fresh compose DB was reachable but schema/data bootstrap was absent or incomplete (dominant errors: missing users/cases/rules/documents tables), causing cascade failures.","ERROR tests/integration/test_phase3e_mvp_close.py::test_saved_case_page_served"
"ERROR","tests/integration/test_phase3e_mvp_close.py::test_full_mvp_journey","ENVIRONMENT","db/compose/test-env","Fresh compose DB was reachable but schema/data bootstrap was absent or incomplete (dominant errors: missing users/cases/rules/documents tables), causing cascade failures.","ERROR tests/integration/test_phase3e_mvp_close.py::test_full_mvp_journey - ps..."
"ERROR","tests/integration/test_phase3e_mvp_close.py::test_phase3b_rules_api_regression","ENVIRONMENT","db/compose/test-env","Fresh compose DB was reachable but schema/data bootstrap was absent or incomplete (dominant errors: missing users/cases/rules/documents tables), causing cascade failures.","ERROR tests/integration/test_phase3e_mvp_close.py::test_phase3b_rules_api_regression"
"ERROR","tests/integration/test_phase3e_mvp_close.py::test_phase3c_document_generation_regression","ENVIRONMENT","db/compose/test-env","Fresh compose DB was reachable but schema/data bootstrap was absent or incomplete (dominant errors: missing users/cases/rules/documents tables), causing cascade failures.","ERROR tests/integration/test_phase3e_mvp_close.py::test_phase3c_document_generation_regression"
"ERROR","tests/integration/test_phase3e_mvp_close.py::test_phase3d_consent_still_enforced","ENVIRONMENT","db/compose/test-env","Fresh compose DB was reachable but schema/data bootstrap was absent or incomplete (dominant errors: missing users/cases/rules/documents tables), causing cascade failures.","ERROR tests/integration/test_phase3e_mvp_close.py::test_phase3d_consent_still_enforced"
"ERROR","tests/integration/test_phase3e_mvp_close.py::test_static_routes_regression","ENVIRONMENT","db/compose/test-env","Fresh compose DB was reachable but schema/data bootstrap was absent or incomplete (dominant errors: missing users/cases/rules/documents tables), causing cascade failures.","ERROR tests/integration/test_phase3e_mvp_close.py::test_static_routes_regression"
"ERROR","tests/integration/test_phase3e_mvp_close.py::test_health_regression","ENVIRONMENT","db/compose/test-env","Fresh compose DB was reachable but schema/data bootstrap was absent or incomplete (dominant errors: missing users/cases/rules/documents tables), causing cascade failures.","ERROR tests/integration/test_phase3e_mvp_close.py::test_health_regression - p..."
"ERROR","tests/integration/test_phase4a_upload_ocr.py::test_pdf_upload_accepted","ENVIRONMENT","db/compose/test-env","Fresh compose DB was reachable but schema/data bootstrap was absent or incomplete (dominant errors: missing users/cases/rules/documents tables), causing cascade failures.","ERROR tests/integration/test_phase4a_upload_ocr.py::test_pdf_upload_accepted"
"ERROR","tests/integration/test_phase4a_upload_ocr.py::test_jpeg_upload_accepted","ENVIRONMENT","db/compose/test-env","Fresh compose DB was reachable but schema/data bootstrap was absent or incomplete (dominant errors: missing users/cases/rules/documents tables), causing cascade failures.","ERROR tests/integration/test_phase4a_upload_ocr.py::test_jpeg_upload_accepted"
"ERROR","tests/integration/test_phase4a_upload_ocr.py::test_unsupported_file_type_rejected","ENVIRONMENT","db/compose/test-env","Fresh compose DB was reachable but schema/data bootstrap was absent or incomplete (dominant errors: missing users/cases/rules/documents tables), causing cascade failures.","ERROR tests/integration/test_phase4a_upload_ocr.py::test_unsupported_file_type_rejected"
"ERROR","tests/integration/test_phase4a_upload_ocr.py::test_text_plain_rejected","ENVIRONMENT","db/compose/test-env","Fresh compose DB was reachable but schema/data bootstrap was absent or incomplete (dominant errors: missing users/cases/rules/documents tables), causing cascade failures.","ERROR tests/integration/test_phase4a_upload_ocr.py::test_text_plain_rejected"
"ERROR","tests/integration/test_phase4a_upload_ocr.py::test_invalid_doc_type_rejected","ENVIRONMENT","db/compose/test-env","Fresh compose DB was reachable but schema/data bootstrap was absent or incomplete (dominant errors: missing users/cases/rules/documents tables), causing cascade failures.","ERROR tests/integration/test_phase4a_upload_ocr.py::test_invalid_doc_type_rejected"
"ERROR","tests/integration/test_phase4a_upload_ocr.py::test_upload_linked_to_case","ENVIRONMENT","db/compose/test-env","Fresh compose DB was reachable but schema/data bootstrap was absent or incomplete (dominant errors: missing users/cases/rules/documents tables), causing cascade failures.","ERROR tests/integration/test_phase4a_upload_ocr.py::test_upload_linked_to_case"
"ERROR","tests/integration/test_phase4a_upload_ocr.py::test_upload_response_does_not_contain_file_bytes","ENVIRONMENT","db/compose/test-env","Fresh compose DB was reachable but schema/data bootstrap was absent or incomplete (dominant errors: missing users/cases/rules/documents tables), causing cascade failures.","ERROR tests/integration/test_phase4a_upload_ocr.py::test_upload_response_does_not_contain_file_bytes"
"ERROR","tests/integration/test_phase4a_upload_ocr.py::test_upload_unknown_case_returns_404","ENVIRONMENT","db/compose/test-env","Fresh compose DB was reachable but schema/data bootstrap was absent or incomplete (dominant errors: missing users/cases/rules/documents tables), causing cascade failures.","ERROR tests/integration/test_phase4a_upload_ocr.py::test_upload_unknown_case_returns_404"
"ERROR","tests/integration/test_phase4a_upload_ocr.py::test_facts_not_applied_to_case_before_confirmation","ENVIRONMENT","db/compose/test-env","Fresh compose DB was reachable but schema/data bootstrap was absent or incomplete (dominant errors: missing users/cases/rules/documents tables), causing cascade failures.","ERROR tests/integration/test_phase4a_upload_ocr.py::test_facts_not_applied_to_case_before_confirmation"
"ERROR","tests/integration/test_phase4a_upload_ocr.py::test_saved_case_page_still_loads","ENVIRONMENT","db/compose/test-env","Fresh compose DB was reachable but schema/data bootstrap was absent or incomplete (dominant errors: missing users/cases/rules/documents tables), causing cascade failures.","ERROR tests/integration/test_phase4a_upload_ocr.py::test_saved_case_page_still_loads"
"ERROR","tests/integration/test_phase4a_upload_ocr.py::test_list_uploads_contains_no_file_bytes","ENVIRONMENT","db/compose/test-env","Fresh compose DB was reachable but schema/data bootstrap was absent or incomplete (dominant errors: missing users/cases/rules/documents tables), causing cascade failures.","ERROR tests/integration/test_phase4a_upload_ocr.py::test_list_uploads_contains_no_file_bytes"
"ERROR","tests/integration/test_phase4a_upload_ocr.py::test_extract_response_contains_no_file_bytes","ENVIRONMENT","db/compose/test-env","Fresh compose DB was reachable but schema/data bootstrap was absent or incomplete (dominant errors: missing users/cases/rules/documents tables), causing cascade failures.","ERROR tests/integration/test_phase4a_upload_ocr.py::test_extract_response_contains_no_file_bytes"
"ERROR","tests/integration/test_phase4a_upload_ocr.py::test_phase3e_deadline_urgency_regression","ENVIRONMENT","db/compose/test-env","Fresh compose DB was reachable but schema/data bootstrap was absent or incomplete (dominant errors: missing users/cases/rules/documents tables), causing cascade failures.","ERROR tests/integration/test_phase4a_upload_ocr.py::test_phase3e_deadline_urgency_regression"
"ERROR","tests/integration/test_phase4a_upload_ocr.py::test_phase3c_document_generation_regression","ENVIRONMENT","db/compose/test-env","Fresh compose DB was reachable but schema/data bootstrap was absent or incomplete (dominant errors: missing users/cases/rules/documents tables), causing cascade failures.","ERROR tests/integration/test_phase4a_upload_ocr.py::test_phase3c_document_generation_regression"
"ERROR","tests/integration/test_phase4a_upload_ocr.py::test_phase3d_consent_regression","ENVIRONMENT","db/compose/test-env","Fresh compose DB was reachable but schema/data bootstrap was absent or incomplete (dominant errors: missing users/cases/rules/documents tables), causing cascade failures.","ERROR tests/integration/test_phase4a_upload_ocr.py::test_phase3d_consent_regression"
"ERROR","tests/integration/test_phase4a_upload_ocr.py::test_static_routes_regression","ENVIRONMENT","db/compose/test-env","Fresh compose DB was reachable but schema/data bootstrap was absent or incomplete (dominant errors: missing users/cases/rules/documents tables), causing cascade failures.","ERROR tests/integration/test_phase4a_upload_ocr.py::test_static_routes_regression"
"ERROR","tests/integration/test_phase4a_upload_ocr.py::test_health_regression","ENVIRONMENT","db/compose/test-env","Fresh compose DB was reachable but schema/data bootstrap was absent or incomplete (dominant errors: missing users/cases/rules/documents tables), causing cascade failures.","ERROR tests/integration/test_phase4a_upload_ocr.py::test_health_regression - ..."
"ERROR","tests/integration/test_phase4c_timeline.py::test_timeline_generated_for_case","ENVIRONMENT","db/compose/test-env","Fresh compose DB was reachable but schema/data bootstrap was absent or incomplete (dominant errors: missing users/cases/rules/documents tables), causing cascade failures.","ERROR tests/integration/test_phase4c_timeline.py::test_timeline_generated_for_case"
"ERROR","tests/integration/test_phase4c_timeline.py::test_timeline_includes_edt","ENVIRONMENT","db/compose/test-env","Fresh compose DB was reachable but schema/data bootstrap was absent or incomplete (dominant errors: missing users/cases/rules/documents tables), causing cascade failures.","ERROR tests/integration/test_phase4c_timeline.py::test_timeline_includes_edt"
"ERROR","tests/integration/test_phase4c_timeline.py::test_timeline_includes_acas_dates","ENVIRONMENT","db/compose/test-env","Fresh compose DB was reachable but schema/data bootstrap was absent or incomplete (dominant errors: missing users/cases/rules/documents tables), causing cascade failures.","ERROR tests/integration/test_phase4c_timeline.py::test_timeline_includes_acas_dates"
"ERROR","tests/integration/test_phase4c_timeline.py::test_timeline_includes_authoritative_et_deadline","ENVIRONMENT","db/compose/test-env","Fresh compose DB was reachable but schema/data bootstrap was absent or incomplete (dominant errors: missing users/cases/rules/documents tables), causing cascade failures.","ERROR tests/integration/test_phase4c_timeline.py::test_timeline_includes_authoritative_et_deadline"
"ERROR","tests/integration/test_phase4c_timeline.py::test_timeline_includes_uploaded_document_event","ENVIRONMENT","db/compose/test-env","Fresh compose DB was reachable but schema/data bootstrap was absent or incomplete (dominant errors: missing users/cases/rules/documents tables), causing cascade failures.","ERROR tests/integration/test_phase4c_timeline.py::test_timeline_includes_uploaded_document_event"
"ERROR","tests/integration/test_phase4c_timeline.py::test_timeline_includes_generated_document_event","ENVIRONMENT","db/compose/test-env","Fresh compose DB was reachable but schema/data bootstrap was absent or incomplete (dominant errors: missing users/cases/rules/documents tables), causing cascade failures.","ERROR tests/integration/test_phase4c_timeline.py::test_timeline_includes_generated_document_event"
"ERROR","tests/integration/test_phase4c_timeline.py::test_missing_dates_flagged_not_invented","ENVIRONMENT","db/compose/test-env","Fresh compose DB was reachable but schema/data bootstrap was absent or incomplete (dominant errors: missing users/cases/rules/documents tables), causing cascade failures.","ERROR tests/integration/test_phase4c_timeline.py::test_missing_dates_flagged_not_invented"
"ERROR","tests/integration/test_phase4c_timeline.py::test_custom_event_can_be_added","ENVIRONMENT","db/compose/test-env","Fresh compose DB was reachable but schema/data bootstrap was absent or incomplete (dominant errors: missing users/cases/rules/documents tables), causing cascade failures.","ERROR tests/integration/test_phase4c_timeline.py::test_custom_event_can_be_added"
"ERROR","tests/integration/test_phase4c_timeline.py::test_custom_event_can_be_updated","ENVIRONMENT","db/compose/test-env","Fresh compose DB was reachable but schema/data bootstrap was absent or incomplete (dominant errors: missing users/cases/rules/documents tables), causing cascade failures.","ERROR tests/integration/test_phase4c_timeline.py::test_custom_event_can_be_updated"
"ERROR","tests/integration/test_phase4c_timeline.py::test_timeline_excludes_unconfirmed_extracted_facts","ENVIRONMENT","db/compose/test-env","Fresh compose DB was reachable but schema/data bootstrap was absent or incomplete (dominant errors: missing users/cases/rules/documents tables), causing cascade failures.","ERROR tests/integration/test_phase4c_timeline.py::test_timeline_excludes_unconfirmed_extracted_facts"
"ERROR","tests/integration/test_phase4c_timeline.py::test_timeline_excludes_rejected_extracted_facts","ENVIRONMENT","db/compose/test-env","Fresh compose DB was reachable but schema/data bootstrap was absent or incomplete (dominant errors: missing users/cases/rules/documents tables), causing cascade failures.","ERROR tests/integration/test_phase4c_timeline.py::test_timeline_excludes_rejected_extracted_facts"
"ERROR","tests/integration/test_phase4c_timeline.py::test_escalation_urgent_deadline_near_deadline","ENVIRONMENT","db/compose/test-env","Fresh compose DB was reachable but schema/data bootstrap was absent or incomplete (dominant errors: missing users/cases/rules/documents tables), causing cascade failures.","ERROR tests/integration/test_phase4c_timeline.py::test_escalation_urgent_deadline_near_deadline"
"ERROR","tests/integration/test_phase4c_timeline.py::test_escalation_solicitor_recommended_for_seek_solicitor","ENVIRONMENT","db/compose/test-env","Fresh compose DB was reachable but schema/data bootstrap was absent or incomplete (dominant errors: missing users/cases/rules/documents tables), causing cascade failures.","ERROR tests/integration/test_phase4c_timeline.py::test_escalation_solicitor_recommended_for_seek_solicitor"
"ERROR","tests/integration/test_phase4c_timeline.py::test_escalation_needs_review_for_insufficient_grounding","ENVIRONMENT","db/compose/test-env","Fresh compose DB was reachable but schema/data bootstrap was absent or incomplete (dominant errors: missing users/cases/rules/documents tables), causing cascade failures.","ERROR tests/integration/test_phase4c_timeline.py::test_escalation_needs_review_for_insufficient_grounding"
"ERROR","tests/integration/test_phase4c_timeline.py::test_escalation_none_for_safe_case","ENVIRONMENT","db/compose/test-env","Fresh compose DB was reachable but schema/data bootstrap was absent or incomplete (dominant errors: missing users/cases/rules/documents tables), causing cascade failures.","ERROR tests/integration/test_phase4c_timeline.py::test_escalation_none_for_safe_case"
"ERROR","tests/integration/test_phase4c_timeline.py::test_legal_boundary_on_saved_case_page","ENVIRONMENT","db/compose/test-env","Fresh compose DB was reachable but schema/data bootstrap was absent or incomplete (dominant errors: missing users/cases/rules/documents tables), causing cascade failures.","ERROR tests/integration/test_phase4c_timeline.py::test_legal_boundary_on_saved_case_page"
"ERROR","tests/integration/test_phase4c_timeline.py::test_no_prohibited_phrases_in_escalation","ENVIRONMENT","db/compose/test-env","Fresh compose DB was reachable but schema/data bootstrap was absent or incomplete (dominant errors: missing users/cases/rules/documents tables), causing cascade failures.","ERROR tests/integration/test_phase4c_timeline.py::test_no_prohibited_phrases_in_escalation"
"ERROR","tests/integration/test_phase4c_timeline.py::test_no_prohibited_phrases_in_timeline","ENVIRONMENT","db/compose/test-env","Fresh compose DB was reachable but schema/data bootstrap was absent or incomplete (dominant errors: missing users/cases/rules/documents tables), causing cascade failures.","ERROR tests/integration/test_phase4c_timeline.py::test_no_prohibited_phrases_in_timeline"
"ERROR","tests/integration/test_phase4c_timeline.py::test_escalation_never_claims_solicitor_assigned","ENVIRONMENT","db/compose/test-env","Fresh compose DB was reachable but schema/data bootstrap was absent or incomplete (dominant errors: missing users/cases/rules/documents tables), causing cascade failures.","ERROR tests/integration/test_phase4c_timeline.py::test_escalation_never_claims_solicitor_assigned"
"ERROR","tests/integration/test_phase4c_timeline.py::test_saved_case_page_loads_after_phase4c","ENVIRONMENT","db/compose/test-env","Fresh compose DB was reachable but schema/data bootstrap was absent or incomplete (dominant errors: missing users/cases/rules/documents tables), causing cascade failures.","ERROR tests/integration/test_phase4c_timeline.py::test_saved_case_page_loads_after_phase4c"
"ERROR","tests/integration/test_phase4c_timeline.py::test_phase4b_bundle_regression","ENVIRONMENT","payment","Fresh compose DB was reachable but schema/data bootstrap was absent or incomplete (dominant errors: missing users/cases/rules/documents tables), causing cascade failures.","ERROR tests/integration/test_phase4c_timeline.py::test_phase4b_bundle_regression"
"ERROR","tests/integration/test_phase4c_timeline.py::test_phase4a_upload_regression","ENVIRONMENT","db/compose/test-env","Fresh compose DB was reachable but schema/data bootstrap was absent or incomplete (dominant errors: missing users/cases/rules/documents tables), causing cascade failures.","ERROR tests/integration/test_phase4c_timeline.py::test_phase4a_upload_regression"
"ERROR","tests/integration/test_phase4c_timeline.py::test_phase3c_document_generation_regression","ENVIRONMENT","db/compose/test-env","Fresh compose DB was reachable but schema/data bootstrap was absent or incomplete (dominant errors: missing users/cases/rules/documents tables), causing cascade failures.","ERROR tests/integration/test_phase4c_timeline.py::test_phase3c_document_generation_regression"
"ERROR","tests/integration/test_phase4c_timeline.py::test_static_routes_regression","ENVIRONMENT","db/compose/test-env","Fresh compose DB was reachable but schema/data bootstrap was absent or incomplete (dominant errors: missing users/cases/rules/documents tables), causing cascade failures.","ERROR tests/integration/test_phase4c_timeline.py::test_static_routes_regression"
"ERROR","tests/integration/test_phase4c_timeline.py::test_health_regression","ENVIRONMENT","db/compose/test-env","Fresh compose DB was reachable but schema/data bootstrap was absent or incomplete (dominant errors: missing users/cases/rules/documents tables), causing cascade failures.","ERROR tests/integration/test_phase4c_timeline.py::test_health_regression - ps..."
"ERROR","tests/integration/test_phase5a_hardening.py::test_legal_accuracy_suite_imports","ENVIRONMENT","db/compose/test-env","Fresh compose DB was reachable but schema/data bootstrap was absent or incomplete (dominant errors: missing users/cases/rules/documents tables), causing cascade failures.","ERROR tests/integration/test_phase5a_hardening.py::test_legal_accuracy_suite_imports"
"ERROR","tests/integration/test_phase5a_hardening.py::test_fp1_deadline_correct_integration","ENVIRONMENT","db/compose/test-env","Fresh compose DB was reachable but schema/data bootstrap was absent or incomplete (dominant errors: missing users/cases/rules/documents tables), causing cascade failures.","ERROR tests/integration/test_phase5a_hardening.py::test_fp1_deadline_correct_integration"
"ERROR","tests/integration/test_phase5a_hardening.py::test_fp2_qp_fails_no_viable_claim","ENVIRONMENT","db/compose/test-env","Fresh compose DB was reachable but schema/data bootstrap was absent or incomplete (dominant errors: missing users/cases/rules/documents tables), causing cascade failures.","ERROR tests/integration/test_phase5a_hardening.py::test_fp2_qp_fails_no_viable_claim"
"ERROR","tests/integration/test_phase5a_hardening.py::test_fp4_ec_no_floor_deadline","ENVIRONMENT","db/compose/test-env","Fresh compose DB was reachable but schema/data bootstrap was absent or incomplete (dominant errors: missing users/cases/rules/documents tables), causing cascade failures.","ERROR tests/integration/test_phase5a_hardening.py::test_fp4_ec_no_floor_deadline"
"ERROR","tests/integration/test_phase5a_hardening.py::test_fp5_ec_floor_bites_deadline","ENVIRONMENT","db/compose/test-env","Fresh compose DB was reachable but schema/data bootstrap was absent or incomplete (dominant errors: missing users/cases/rules/documents tables), causing cascade failures.","ERROR tests/integration/test_phase5a_hardening.py::test_fp5_ec_floor_bites_deadline"
"ERROR","tests/integration/test_phase5a_hardening.py::test_fp6_missed_deadline_expired","ENVIRONMENT","db/compose/test-env","Fresh compose DB was reachable but schema/data bootstrap was absent or incomplete (dominant errors: missing users/cases/rules/documents tables), causing cascade failures.","ERROR tests/integration/test_phase5a_hardening.py::test_fp6_missed_deadline_expired"
"ERROR","tests/integration/test_phase5a_hardening.py::test_fp7_no_edt_missing_edt_status","ENVIRONMENT","db/compose/test-env","Fresh compose DB was reachable but schema/data bootstrap was absent or incomplete (dominant errors: missing users/cases/rules/documents tables), causing cascade failures.","ERROR tests/integration/test_phase5a_hardening.py::test_fp7_no_edt_missing_edt_status"
"ERROR","tests/integration/test_phase5a_hardening.py::test_ci_gate_script_exits_zero_on_passing_tests","ENVIRONMENT","db/compose/test-env","Fresh compose DB was reachable but schema/data bootstrap was absent or incomplete (dominant errors: missing users/cases/rules/documents tables), causing cascade failures.","ERROR tests/integration/test_phase5a_hardening.py::test_ci_gate_script_exits_zero_on_passing_tests"
"ERROR","tests/integration/test_phase5a_hardening.py::test_ci_gate_detects_failing_test","ENVIRONMENT","db/compose/test-env","Fresh compose DB was reachable but schema/data bootstrap was absent or incomplete (dominant errors: missing users/cases/rules/documents tables), causing cascade failures.","ERROR tests/integration/test_phase5a_hardening.py::test_ci_gate_detects_failing_test"
"ERROR","tests/integration/test_phase5a_hardening.py::test_dp_report_generated","ENVIRONMENT","db/compose/test-env","Fresh compose DB was reachable but schema/data bootstrap was absent or incomplete (dominant errors: missing users/cases/rules/documents tables), causing cascade failures.","ERROR tests/integration/test_phase5a_hardening.py::test_dp_report_generated"
"ERROR","tests/integration/test_phase5a_hardening.py::test_dp_report_encryption_not_implemented","ENVIRONMENT","db/compose/test-env","Fresh compose DB was reachable but schema/data bootstrap was absent or incomplete (dominant errors: missing users/cases/rules/documents tables), causing cascade failures.","ERROR tests/integration/test_phase5a_hardening.py::test_dp_report_encryption_not_implemented"
"ERROR","tests/integration/test_phase5a_hardening.py::test_dp_report_identifies_critical_gaps","ENVIRONMENT","db/compose/test-env","Fresh compose DB was reachable but schema/data bootstrap was absent or incomplete (dominant errors: missing users/cases/rules/documents tables), causing cascade failures.","ERROR tests/integration/test_phase5a_hardening.py::test_dp_report_identifies_critical_gaps"
"ERROR","tests/integration/test_phase5a_hardening.py::test_dp_report_not_production_ready","ENVIRONMENT","db/compose/test-env","Fresh compose DB was reachable but schema/data bootstrap was absent or incomplete (dominant errors: missing users/cases/rules/documents tables), causing cascade failures.","ERROR tests/integration/test_phase5a_hardening.py::test_dp_report_not_production_ready"
"ERROR","tests/integration/test_phase5a_hardening.py::test_dp_report_model_boundary_implemented","ENVIRONMENT","db/compose/test-env","Fresh compose DB was reachable but schema/data bootstrap was absent or incomplete (dominant errors: missing users/cases/rules/documents tables), causing cascade failures.","ERROR tests/integration/test_phase5a_hardening.py::test_dp_report_model_boundary_implemented"
"ERROR","tests/integration/test_phase5a_hardening.py::test_log_scanner_catches_known_pii","ENVIRONMENT","db/compose/test-env","Fresh compose DB was reachable but schema/data bootstrap was absent or incomplete (dominant errors: missing users/cases/rules/documents tables), causing cascade failures.","ERROR tests/integration/test_phase5a_hardening.py::test_log_scanner_catches_known_pii"
"ERROR","tests/integration/test_phase5a_hardening.py::test_log_scanner_passes_clean_log","ENVIRONMENT","db/compose/test-env","Fresh compose DB was reachable but schema/data bootstrap was absent or incomplete (dominant errors: missing users/cases/rules/documents tables), causing cascade failures.","ERROR tests/integration/test_phase5a_hardening.py::test_log_scanner_passes_clean_log"
"ERROR","tests/integration/test_phase5a_hardening.py::test_log_scanner_assert_no_pii_raises_on_pii","ENVIRONMENT","db/compose/test-env","Fresh compose DB was reachable but schema/data bootstrap was absent or incomplete (dominant errors: missing users/cases/rules/documents tables), causing cascade failures.","ERROR tests/integration/test_phase5a_hardening.py::test_log_scanner_assert_no_pii_raises_on_pii"
"ERROR","tests/integration/test_phase5a_hardening.py::test_deidentify_strips_all_pii_fields","ENVIRONMENT","db/compose/test-env","Fresh compose DB was reachable but schema/data bootstrap was absent or incomplete (dominant errors: missing users/cases/rules/documents tables), causing cascade failures.","ERROR tests/integration/test_phase5a_hardening.py::test_deidentify_strips_all_pii_fields"
"ERROR","tests/integration/test_phase5a_hardening.py::test_safe_facts_contain_no_pii_values","ENVIRONMENT","db/compose/test-env","Fresh compose DB was reachable but schema/data bootstrap was absent or incomplete (dominant errors: missing users/cases/rules/documents tables), causing cascade failures.","ERROR tests/integration/test_phase5a_hardening.py::test_safe_facts_contain_no_pii_values"
"ERROR","tests/integration/test_phase5a_hardening.py::test_pipeline_boundary_log_shows_pii_in_output_empty","ENVIRONMENT","db/compose/test-env","Fresh compose DB was reachable but schema/data bootstrap was absent or incomplete (dominant errors: missing users/cases/rules/documents tables), causing cascade failures.","ERROR tests/integration/test_phase5a_hardening.py::test_pipeline_boundary_log_shows_pii_in_output_empty"
"ERROR","tests/integration/test_phase5a_hardening.py::test_mock_model_payload_contains_no_pii","ENVIRONMENT","db/compose/test-env","Fresh compose DB was reachable but schema/data bootstrap was absent or incomplete (dominant errors: missing users/cases/rules/documents tables), causing cascade failures.","ERROR tests/integration/test_phase5a_hardening.py::test_mock_model_payload_contains_no_pii"
"ERROR","tests/integration/test_phase5a_hardening.py::test_funnel_event_can_be_recorded","ENVIRONMENT","db/compose/test-env","Fresh compose DB was reachable but schema/data bootstrap was absent or incomplete (dominant errors: missing users/cases/rules/documents tables), causing cascade failures.","ERROR tests/integration/test_phase5a_hardening.py::test_funnel_event_can_be_recorded"
"ERROR","tests/integration/test_phase5a_hardening.py::test_funnel_events_listed_per_case","ENVIRONMENT","db/compose/test-env","Fresh compose DB was reachable but schema/data bootstrap was absent or incomplete (dominant errors: missing users/cases/rules/documents tables), causing cascade failures.","ERROR tests/integration/test_phase5a_hardening.py::test_funnel_events_listed_per_case"
"ERROR","tests/integration/test_phase5a_hardening.py::test_invalid_funnel_event_name_rejected","ENVIRONMENT","db/compose/test-env","Fresh compose DB was reachable but schema/data bootstrap was absent or incomplete (dominant errors: missing users/cases/rules/documents tables), causing cascade failures.","ERROR tests/integration/test_phase5a_hardening.py::test_invalid_funnel_event_name_rejected"
"ERROR","tests/integration/test_phase5a_hardening.py::test_funnel_event_metadata_no_raw_facts","ENVIRONMENT","db/compose/test-env","Fresh compose DB was reachable but schema/data bootstrap was absent or incomplete (dominant errors: missing users/cases/rules/documents tables), causing cascade failures.","ERROR tests/integration/test_phase5a_hardening.py::test_funnel_event_metadata_no_raw_facts"
"ERROR","tests/integration/test_phase5a_hardening.py::test_funnel_event_without_case_id","ENVIRONMENT","db/compose/test-env","Fresh compose DB was reachable but schema/data bootstrap was absent or incomplete (dominant errors: missing users/cases/rules/documents tables), causing cascade failures.","ERROR tests/integration/test_phase5a_hardening.py::test_funnel_event_without_case_id"
"ERROR","tests/integration/test_phase5a_hardening.py::test_phase4c_timeline_regression","ENVIRONMENT","db/compose/test-env","Fresh compose DB was reachable but schema/data bootstrap was absent or incomplete (dominant errors: missing users/cases/rules/documents tables), causing cascade failures.","ERROR tests/integration/test_phase5a_hardening.py::test_phase4c_timeline_regression"
"ERROR","tests/integration/test_phase5a_hardening.py::test_phase4b_bundle_regression","ENVIRONMENT","payment","Fresh compose DB was reachable but schema/data bootstrap was absent or incomplete (dominant errors: missing users/cases/rules/documents tables), causing cascade failures.","ERROR tests/integration/test_phase5a_hardening.py::test_phase4b_bundle_regression"
"ERROR","tests/integration/test_phase5a_hardening.py::test_static_routes_regression","ENVIRONMENT","db/compose/test-env","Fresh compose DB was reachable but schema/data bootstrap was absent or incomplete (dominant errors: missing users/cases/rules/documents tables), causing cascade failures.","ERROR tests/integration/test_phase5a_hardening.py::test_static_routes_regression"
"ERROR","tests/integration/test_phase5a_hardening.py::test_health_regression","ENVIRONMENT","db/compose/test-env","Fresh compose DB was reachable but schema/data bootstrap was absent or incomplete (dominant errors: missing users/cases/rules/documents tables), causing cascade failures.","ERROR tests/integration/test_phase5a_hardening.py::test_health_regression - p..."
"ERROR","tests/integration/test_phase5c_verification.py::test_unpaid_wages_rules_have_verification_status","ENVIRONMENT","db/compose/test-env","Fresh compose DB was reachable but schema/data bootstrap was absent or incomplete (dominant errors: missing users/cases/rules/documents tables), causing cascade failures.","ERROR tests/integration/test_phase5c_verification.py::test_unpaid_wages_rules_have_verification_status"
"ERROR","tests/integration/test_phase5c_verification.py::test_unfair_dismissal_rules_have_verification_status","ENVIRONMENT","db/compose/test-env","Fresh compose DB was reachable but schema/data bootstrap was absent or incomplete (dominant errors: missing users/cases/rules/documents tables), causing cascade failures.","ERROR tests/integration/test_phase5c_verification.py::test_unfair_dismissal_rules_have_verification_status"
"ERROR","tests/integration/test_phase5c_verification.py::test_upw_verified_rules_pass_gate","ENVIRONMENT","db/compose/test-env","Fresh compose DB was reachable but schema/data bootstrap was absent or incomplete (dominant errors: missing users/cases/rules/documents tables), causing cascade failures.","ERROR tests/integration/test_phase5c_verification.py::test_upw_verified_rules_pass_gate"
"ERROR","tests/integration/test_phase5c_verification.py::test_ud_verified_rules_pass_gate","ENVIRONMENT","db/compose/test-env","Fresh compose DB was reachable but schema/data bootstrap was absent or incomplete (dominant errors: missing users/cases/rules/documents tables), causing cascade failures.","ERROR tests/integration/test_phase5c_verification.py::test_ud_verified_rules_pass_gate"
"ERROR","tests/integration/test_phase5c_verification.py::test_unverified_production_rule_fails_gate","ENVIRONMENT","db/compose/test-env","Fresh compose DB was reachable but schema/data bootstrap was absent or incomplete (dominant errors: missing users/cases/rules/documents tables), causing cascade failures.","ERROR tests/integration/test_phase5c_verification.py::test_unverified_production_rule_fails_gate"
"ERROR","tests/integration/test_phase5c_verification.py::test_failed_verification_status_fails_gate","ENVIRONMENT","db/compose/test-env","Fresh compose DB was reachable but schema/data bootstrap was absent or incomplete (dominant errors: missing users/cases/rules/documents tables), causing cascade failures.","ERROR tests/integration/test_phase5c_verification.py::test_failed_verification_status_fails_gate"
"ERROR","tests/integration/test_phase5c_verification.py::test_prospective_rule_exempt_from_gate","ENVIRONMENT","db/compose/test-env","Fresh compose DB was reachable but schema/data bootstrap was absent or incomplete (dominant errors: missing users/cases/rules/documents tables), causing cascade failures.","ERROR tests/integration/test_phase5c_verification.py::test_prospective_rule_exempt_from_gate"
"ERROR","tests/integration/test_phase5c_verification.py::test_rules_verification_report_generated","ENVIRONMENT","db/compose/test-env","Fresh compose DB was reachable but schema/data bootstrap was absent or incomplete (dominant errors: missing users/cases/rules/documents tables), causing cascade failures.","ERROR tests/integration/test_phase5c_verification.py::test_rules_verification_report_generated"
"ERROR","tests/integration/test_phase5c_verification.py::test_rules_verification_gate_passed_after_seeding","ENVIRONMENT","db/compose/test-env","Fresh compose DB was reachable but schema/data bootstrap was absent or incomplete (dominant errors: missing users/cases/rules/documents tables), causing cascade failures.","ERROR tests/integration/test_phase5c_verification.py::test_rules_verification_gate_passed_after_seeding"
"ERROR","tests/integration/test_phase5c_verification.py::test_rules_have_authority_urls","ENVIRONMENT","db/compose/test-env","Fresh compose DB was reachable but schema/data bootstrap was absent or incomplete (dominant errors: missing users/cases/rules/documents tables), causing cascade failures.","ERROR tests/integration/test_phase5c_verification.py::test_rules_have_authority_urls"
"ERROR","tests/integration/test_phase5c_verification.py::test_prospective_rules_in_report","ENVIRONMENT","db/compose/test-env","Fresh compose DB was reachable but schema/data bootstrap was absent or incomplete (dominant errors: missing users/cases/rules/documents tables), causing cascade failures.","ERROR tests/integration/test_phase5c_verification.py::test_prospective_rules_in_report"
"ERROR","tests/integration/test_phase5c_verification.py::test_production_readiness_report_generated","ENVIRONMENT","db/compose/test-env","Fresh compose DB was reachable but schema/data bootstrap was absent or incomplete (dominant errors: missing users/cases/rules/documents tables), causing cascade failures.","ERROR tests/integration/test_phase5c_verification.py::test_production_readiness_report_generated"
"ERROR","tests/integration/test_phase5c_verification.py::test_production_readiness_not_production_ready","ENVIRONMENT","db/compose/test-env","Fresh compose DB was reachable but schema/data bootstrap was absent or incomplete (dominant errors: missing users/cases/rules/documents tables), causing cascade failures.","ERROR tests/integration/test_phase5c_verification.py::test_production_readiness_not_production_ready"
"ERROR","tests/integration/test_phase5c_verification.py::test_production_readiness_identifies_encryption_blockers","ENVIRONMENT","db/compose/test-env","Fresh compose DB was reachable but schema/data bootstrap was absent or incomplete (dominant errors: missing users/cases/rules/documents tables), causing cascade failures.","ERROR tests/integration/test_phase5c_verification.py::test_production_readiness_identifies_encryption_blockers"
"ERROR","tests/integration/test_phase5c_verification.py::test_production_readiness_identifies_dpia_blocker","ENVIRONMENT","db/compose/test-env","Fresh compose DB was reachable but schema/data bootstrap was absent or incomplete (dominant errors: missing users/cases/rules/documents tables), causing cascade failures.","ERROR tests/integration/test_phase5c_verification.py::test_production_readiness_identifies_dpia_blocker"
"ERROR","tests/integration/test_phase5c_verification.py::test_production_readiness_model_boundary_implemented","ENVIRONMENT","db/compose/test-env","Fresh compose DB was reachable but schema/data bootstrap was absent or incomplete (dominant errors: missing users/cases/rules/documents tables), causing cascade failures.","ERROR tests/integration/test_phase5c_verification.py::test_production_readiness_model_boundary_implemented"
"ERROR","tests/integration/test_phase5c_verification.py::test_dp_report_has_priority_breakdown","ENVIRONMENT","db/compose/test-env","Fresh compose DB was reachable but schema/data bootstrap was absent or incomplete (dominant errors: missing users/cases/rules/documents tables), causing cascade failures.","ERROR tests/integration/test_phase5c_verification.py::test_dp_report_has_priority_breakdown"
"ERROR","tests/integration/test_phase5c_verification.py::test_legal_accuracy_ci_gate_passes","ENVIRONMENT","db/compose/test-env","Fresh compose DB was reachable but schema/data bootstrap was absent or incomplete (dominant errors: missing users/cases/rules/documents tables), causing cascade failures.","ERROR tests/integration/test_phase5c_verification.py::test_legal_accuracy_ci_gate_passes"
"ERROR","tests/integration/test_phase5c_verification.py::test_rules_verification_ci_gate_passes","ENVIRONMENT","db/compose/test-env","Fresh compose DB was reachable but schema/data bootstrap was absent or incomplete (dominant errors: missing users/cases/rules/documents tables), causing cascade failures.","ERROR tests/integration/test_phase5c_verification.py::test_rules_verification_ci_gate_passes"
"ERROR","tests/integration/test_phase5c_verification.py::test_unpaid_wages_assessment_regression","ENVIRONMENT","db/compose/test-env","Fresh compose DB was reachable but schema/data bootstrap was absent or incomplete (dominant errors: missing users/cases/rules/documents tables), causing cascade failures.","ERROR tests/integration/test_phase5c_verification.py::test_unpaid_wages_assessment_regression"
"ERROR","tests/integration/test_phase5c_verification.py::test_unfair_dismissal_regression","ENVIRONMENT","db/compose/test-env","Fresh compose DB was reachable but schema/data bootstrap was absent or incomplete (dominant errors: missing users/cases/rules/documents tables), causing cascade failures.","ERROR tests/integration/test_phase5c_verification.py::test_unfair_dismissal_regression"
"ERROR","tests/integration/test_phase5c_verification.py::test_static_routes_regression","ENVIRONMENT","db/compose/test-env","Fresh compose DB was reachable but schema/data bootstrap was absent or incomplete (dominant errors: missing users/cases/rules/documents tables), causing cascade failures.","ERROR tests/integration/test_phase5c_verification.py::test_static_routes_regression"
"ERROR","tests/integration/test_phase5c_verification.py::test_health_regression","ENVIRONMENT","db/compose/test-env","Fresh compose DB was reachable but schema/data bootstrap was absent or incomplete (dominant errors: missing users/cases/rules/documents tables), causing cascade failures.","ERROR tests/integration/test_phase5c_verification.py::test_health_regression"
"ERROR","tests/integration/test_phase6_production.py::test_admin_dp_report_without_key_returns_403","ENVIRONMENT","db/compose/test-env","Fresh compose DB was reachable but schema/data bootstrap was absent or incomplete (dominant errors: missing users/cases/rules/documents tables), causing cascade failures.","ERROR tests/integration/test_phase6_production.py::test_admin_dp_report_without_key_returns_403"
"ERROR","tests/integration/test_phase6_production.py::test_admin_dp_report_with_wrong_key_returns_403","ENVIRONMENT","db/compose/test-env","Fresh compose DB was reachable but schema/data bootstrap was absent or incomplete (dominant errors: missing users/cases/rules/documents tables), causing cascade failures.","ERROR tests/integration/test_phase6_production.py::test_admin_dp_report_with_wrong_key_returns_403"
"ERROR","tests/integration/test_phase6_production.py::test_admin_dp_report_with_correct_key_returns_200","ENVIRONMENT","db/compose/test-env","Fresh compose DB was reachable but schema/data bootstrap was absent or incomplete (dominant errors: missing users/cases/rules/documents tables), causing cascade failures.","ERROR tests/integration/test_phase6_production.py::test_admin_dp_report_with_correct_key_returns_200"
"ERROR","tests/integration/test_phase6_production.py::test_admin_rules_verification_requires_key","ENVIRONMENT","db/compose/test-env","Fresh compose DB was reachable but schema/data bootstrap was absent or incomplete (dominant errors: missing users/cases/rules/documents tables), causing cascade failures.","ERROR tests/integration/test_phase6_production.py::test_admin_rules_verification_requires_key"
"ERROR","tests/integration/test_phase6_production.py::test_admin_production_readiness_requires_key","ENVIRONMENT","db/compose/test-env","Fresh compose DB was reachable but schema/data bootstrap was absent or incomplete (dominant errors: missing users/cases/rules/documents tables), causing cascade failures.","ERROR tests/integration/test_phase6_production.py::test_admin_production_readiness_requires_key"
"ERROR","tests/integration/test_phase6_production.py::test_admin_retention_status_requires_key","ENVIRONMENT","db/compose/test-env","Fresh compose DB was reachable but schema/data bootstrap was absent or incomplete (dominant errors: missing users/cases/rules/documents tables), causing cascade failures.","ERROR tests/integration/test_phase6_production.py::test_admin_retention_status_requires_key"
"ERROR","tests/integration/test_phase6_production.py::test_encrypt_decrypt_roundtrip","ENVIRONMENT","db/compose/test-env","Fresh compose DB was reachable but schema/data bootstrap was absent or incomplete (dominant errors: missing users/cases/rules/documents tables), causing cascade failures.","ERROR tests/integration/test_phase6_production.py::test_encrypt_decrypt_roundtrip"
"ERROR","tests/integration/test_phase6_production.py::test_encrypt_produces_different_value","ENVIRONMENT","db/compose/test-env","Fresh compose DB was reachable but schema/data bootstrap was absent or incomplete (dominant errors: missing users/cases/rules/documents tables), causing cascade failures.","ERROR tests/integration/test_phase6_production.py::test_encrypt_produces_different_value"
"ERROR","tests/integration/test_phase6_production.py::test_handoff_lead_pii_encrypted_at_rest","ENVIRONMENT","db/compose/test-env","Fresh compose DB was reachable but schema/data bootstrap was absent or incomplete (dominant errors: missing users/cases/rules/documents tables), causing cascade failures.","ERROR tests/integration/test_phase6_production.py::test_handoff_lead_pii_encrypted_at_rest"
"ERROR","tests/integration/test_phase6_production.py::test_upload_stores_encrypted_file","ENVIRONMENT","db/compose/test-env","Fresh compose DB was reachable but schema/data bootstrap was absent or incomplete (dominant errors: missing users/cases/rules/documents tables), causing cascade failures.","ERROR tests/integration/test_phase6_production.py::test_upload_stores_encrypted_file"
"ERROR","tests/integration/test_phase6_production.py::test_case_can_be_soft_deleted","ENVIRONMENT","db/compose/test-env","Fresh compose DB was reachable but schema/data bootstrap was absent or incomplete (dominant errors: missing users/cases/rules/documents tables), causing cascade failures.","ERROR tests/integration/test_phase6_production.py::test_case_can_be_soft_deleted"
"ERROR","tests/integration/test_phase6_production.py::test_soft_deleted_case_returns_404","ENVIRONMENT","db/compose/test-env","Fresh compose DB was reachable but schema/data bootstrap was absent or incomplete (dominant errors: missing users/cases/rules/documents tables), causing cascade failures.","ERROR tests/integration/test_phase6_production.py::test_soft_deleted_case_returns_404"
"ERROR","tests/integration/test_phase6_production.py::test_handoff_lead_pii_cleared_on_delete","ENVIRONMENT","db/compose/test-env","Fresh compose DB was reachable but schema/data bootstrap was absent or incomplete (dominant errors: missing users/cases/rules/documents tables), causing cascade failures.","ERROR tests/integration/test_phase6_production.py::test_handoff_lead_pii_cleared_on_delete"
"ERROR","tests/integration/test_phase6_production.py::test_retention_script_dry_run","ENVIRONMENT","db/compose/test-env","Fresh compose DB was reachable but schema/data bootstrap was absent or incomplete (dominant errors: missing users/cases/rules/documents tables), causing cascade failures.","ERROR tests/integration/test_phase6_production.py::test_retention_script_dry_run"
"ERROR","tests/integration/test_phase6_production.py::test_retention_status_endpoint","ENVIRONMENT","db/compose/test-env","Fresh compose DB was reachable but schema/data bootstrap was absent or incomplete (dominant errors: missing users/cases/rules/documents tables), causing cascade failures.","ERROR tests/integration/test_phase6_production.py::test_retention_status_endpoint"
"ERROR","tests/integration/test_phase6_production.py::test_privacy_notice_draft_exists","ENVIRONMENT","db/compose/test-env","Fresh compose DB was reachable but schema/data bootstrap was absent or incomplete (dominant errors: missing users/cases/rules/documents tables), causing cascade failures.","ERROR tests/integration/test_phase6_production.py::test_privacy_notice_draft_exists"
"ERROR","tests/integration/test_phase6_production.py::test_dpia_artefact_exists","ENVIRONMENT","db/compose/test-env","Fresh compose DB was reachable but schema/data bootstrap was absent or incomplete (dominant errors: missing users/cases/rules/documents tables), causing cascade failures.","ERROR tests/integration/test_phase6_production.py::test_dpia_artefact_exists"
"ERROR","tests/integration/test_phase6_production.py::test_production_readiness_reflects_phase6","ENVIRONMENT","db/compose/test-env","Fresh compose DB was reachable but schema/data bootstrap was absent or incomplete (dominant errors: missing users/cases/rules/documents tables), causing cascade failures.","ERROR tests/integration/test_phase6_production.py::test_production_readiness_reflects_phase6"
"ERROR","tests/integration/test_phase6_production.py::test_production_readiness_still_not_production_ready","ENVIRONMENT","db/compose/test-env","Fresh compose DB was reachable but schema/data bootstrap was absent or incomplete (dominant errors: missing users/cases/rules/documents tables), causing cascade failures.","ERROR tests/integration/test_phase6_production.py::test_production_readiness_still_not_production_ready"
"ERROR","tests/integration/test_phase6_production.py::test_production_readiness_shows_encryption_status","ENVIRONMENT","db/compose/test-env","Fresh compose DB was reachable but schema/data bootstrap was absent or incomplete (dominant errors: missing users/cases/rules/documents tables), causing cascade failures.","ERROR tests/integration/test_phase6_production.py::test_production_readiness_shows_encryption_status"
"ERROR","tests/integration/test_phase6_production.py::test_legal_accuracy_gate_regression","ENVIRONMENT","db/compose/test-env","Fresh compose DB was reachable but schema/data bootstrap was absent or incomplete (dominant errors: missing users/cases/rules/documents tables), causing cascade failures.","ERROR tests/integration/test_phase6_production.py::test_legal_accuracy_gate_regression"
"ERROR","tests/integration/test_phase6_production.py::test_ud_assessment_regression","ENVIRONMENT","db/compose/test-env","Fresh compose DB was reachable but schema/data bootstrap was absent or incomplete (dominant errors: missing users/cases/rules/documents tables), causing cascade failures.","ERROR tests/integration/test_phase6_production.py::test_ud_assessment_regression"
"ERROR","tests/integration/test_phase6_production.py::test_upw_assessment_regression","ENVIRONMENT","db/compose/test-env","Fresh compose DB was reachable but schema/data bootstrap was absent or incomplete (dominant errors: missing users/cases/rules/documents tables), causing cascade failures.","ERROR tests/integration/test_phase6_production.py::test_upw_assessment_regression"
"ERROR","tests/integration/test_phase6_production.py::test_static_routes_regression","ENVIRONMENT","db/compose/test-env","Fresh compose DB was reachable but schema/data bootstrap was absent or incomplete (dominant errors: missing users/cases/rules/documents tables), causing cascade failures.","ERROR tests/integration/test_phase6_production.py::test_static_routes_regression"
"ERROR","tests/integration/test_phase6_production.py::test_health_regression","ENVIRONMENT","db/compose/test-env","Fresh compose DB was reachable but schema/data bootstrap was absent or incomplete (dominant errors: missing users/cases/rules/documents tables), causing cascade failures.","ERROR tests/integration/test_phase6_production.py::test_health_regression - p..."
"ERROR","tests/integration/test_phase6_production.py::test_case_facts_encrypted_on_save","ENVIRONMENT","db/compose/test-env","Fresh compose DB was reachable but schema/data bootstrap was absent or incomplete (dominant errors: missing users/cases/rules/documents tables), causing cascade failures.","ERROR tests/integration/test_phase6_production.py::test_case_facts_encrypted_on_save"
"ERROR","tests/integration/test_phase7d_envelope_encryption.py::test_bundle_serializes_without_plaintext","ENVIRONMENT","db/compose/test-env","Fresh compose DB was reachable but schema/data bootstrap was absent or incomplete (dominant errors: missing users/cases/rules/documents tables), causing cascade failures.","ERROR tests/integration/test_phase7d_envelope_encryption.py::test_bundle_serializes_without_plaintext"
"ERROR","tests/integration/test_phase7d_envelope_encryption.py::test_bundle_roundtrips_from_json","ENVIRONMENT","db/compose/test-env","Fresh compose DB was reachable but schema/data bootstrap was absent or incomplete (dominant errors: missing users/cases/rules/documents tables), causing cascade failures.","ERROR tests/integration/test_phase7d_envelope_encryption.py::test_bundle_roundtrips_from_json"
"ERROR","tests/integration/test_phase7d_envelope_encryption.py::test_bundle_has_kms_ciphertext_reflects_content","ENVIRONMENT","db/compose/test-env","Fresh compose DB was reachable but schema/data bootstrap was absent or incomplete (dominant errors: missing users/cases/rules/documents tables), causing cascade failures.","ERROR tests/integration/test_phase7d_envelope_encryption.py::test_bundle_has_kms_ciphertext_reflects_content"
"ERROR","tests/integration/test_phase7d_envelope_encryption.py::test_generate_data_key_returns_key_and_bundle","ENVIRONMENT","db/compose/test-env","Fresh compose DB was reachable but schema/data bootstrap was absent or incomplete (dominant errors: missing users/cases/rules/documents tables), causing cascade failures.","ERROR tests/integration/test_phase7d_envelope_encryption.py::test_generate_data_key_returns_key_and_bundle"
"ERROR","tests/integration/test_phase7d_envelope_encryption.py::test_plaintext_key_not_stored_in_bundle","ENVIRONMENT","db/compose/test-env","Fresh compose DB was reachable but schema/data bootstrap was absent or incomplete (dominant errors: missing users/cases/rules/documents tables), causing cascade failures.","ERROR tests/integration/test_phase7d_envelope_encryption.py::test_plaintext_key_not_stored_in_bundle"
"ERROR","tests/integration/test_phase7d_envelope_encryption.py::test_ciphertext_blob_is_base64_in_bundle","ENVIRONMENT","db/compose/test-env","Fresh compose DB was reachable but schema/data bootstrap was absent or incomplete (dominant errors: missing users/cases/rules/documents tables), causing cascade failures.","ERROR tests/integration/test_phase7d_envelope_encryption.py::test_ciphertext_blob_is_base64_in_bundle"
"ERROR","tests/integration/test_phase7d_envelope_encryption.py::test_bundle_provider_key_id_is_kms_arn_not_data_key","ENVIRONMENT","db/compose/test-env","Fresh compose DB was reachable but schema/data bootstrap was absent or incomplete (dominant errors: missing users/cases/rules/documents tables), causing cascade failures.","ERROR tests/integration/test_phase7d_envelope_encryption.py::test_bundle_provider_key_id_is_kms_arn_not_data_key"
"ERROR","tests/integration/test_phase7d_envelope_encryption.py::test_generate_data_key_fails_closed_on_kms_error","ENVIRONMENT","db/compose/test-env","Fresh compose DB was reachable but schema/data bootstrap was absent or incomplete (dominant errors: missing users/cases/rules/documents tables), causing cascade failures.","ERROR tests/integration/test_phase7d_envelope_encryption.py::test_generate_data_key_fails_closed_on_kms_error"
"ERROR","tests/integration/test_phase7d_envelope_encryption.py::test_generate_data_key_fails_without_arn","ENVIRONMENT","db/compose/test-env","Fresh compose DB was reachable but schema/data bootstrap was absent or incomplete (dominant errors: missing users/cases/rules/documents tables), causing cascade failures.","ERROR tests/integration/test_phase7d_envelope_encryption.py::test_generate_data_key_fails_without_arn"
"ERROR","tests/integration/test_phase7d_envelope_encryption.py::test_decrypt_data_key_returns_matching_key","ENVIRONMENT","db/compose/test-env","Fresh compose DB was reachable but schema/data bootstrap was absent or incomplete (dominant errors: missing users/cases/rules/documents tables), causing cascade failures.","ERROR tests/integration/test_phase7d_envelope_encryption.py::test_decrypt_data_key_returns_matching_key"
"ERROR","tests/integration/test_phase7d_envelope_encryption.py::test_decrypt_data_key_fails_on_empty_blob","ENVIRONMENT","db/compose/test-env","Fresh compose DB was reachable but schema/data bootstrap was absent or incomplete (dominant errors: missing users/cases/rules/documents tables), causing cascade failures.","ERROR tests/integration/test_phase7d_envelope_encryption.py::test_decrypt_data_key_fails_on_empty_blob"
"ERROR","tests/integration/test_phase7d_envelope_encryption.py::test_decrypt_data_key_fails_closed_on_kms_error","ENVIRONMENT","db/compose/test-env","Fresh compose DB was reachable but schema/data bootstrap was absent or incomplete (dominant errors: missing users/cases/rules/documents tables), causing cascade failures.","ERROR tests/integration/test_phase7d_envelope_encryption.py::test_decrypt_data_key_fails_closed_on_kms_error"
"ERROR","tests/integration/test_phase7d_envelope_encryption.py::test_no_key_in_logs_during_generate","ENVIRONMENT","db/compose/test-env","Fresh compose DB was reachable but schema/data bootstrap was absent or incomplete (dominant errors: missing users/cases/rules/documents tables), causing cascade failures.","ERROR tests/integration/test_phase7d_envelope_encryption.py::test_no_key_in_logs_during_generate"
"ERROR","tests/integration/test_phase7d_envelope_encryption.py::test_no_key_in_logs_during_decrypt","ENVIRONMENT","db/compose/test-env","Fresh compose DB was reachable but schema/data bootstrap was absent or incomplete (dominant errors: missing users/cases/rules/documents tables), causing cascade failures.","ERROR tests/integration/test_phase7d_envelope_encryption.py::test_no_key_in_logs_during_decrypt"
"ERROR","tests/integration/test_phase7d_envelope_encryption.py::test_env_provider_generate_data_key_dev_mode","ENVIRONMENT","db/compose/test-env","Fresh compose DB was reachable but schema/data bootstrap was absent or incomplete (dominant errors: missing users/cases/rules/documents tables), causing cascade failures.","ERROR tests/integration/test_phase7d_envelope_encryption.py::test_env_provider_generate_data_key_dev_mode"
"ERROR","tests/integration/test_phase7d_envelope_encryption.py::test_env_provider_decrypt_data_key_recovers_key","ENVIRONMENT","db/compose/test-env","Fresh compose DB was reachable but schema/data bootstrap was absent or incomplete (dominant errors: missing users/cases/rules/documents tables), causing cascade failures.","ERROR tests/integration/test_phase7d_envelope_encryption.py::test_env_provider_decrypt_data_key_recovers_key"
"ERROR","tests/integration/test_phase7d_envelope_encryption.py::test_encryption_key_metadata_column_on_cases","ENVIRONMENT","db/compose/test-env","Fresh compose DB was reachable but schema/data bootstrap was absent or incomplete (dominant errors: missing users/cases/rules/documents tables), causing cascade failures.","ERROR tests/integration/test_phase7d_envelope_encryption.py::test_encryption_key_metadata_column_on_cases"
"ERROR","tests/integration/test_phase7d_envelope_encryption.py::test_encryption_key_metadata_column_on_handoff_leads","ENVIRONMENT","db/compose/test-env","Fresh compose DB was reachable but schema/data bootstrap was absent or incomplete (dominant errors: missing users/cases/rules/documents tables), causing cascade failures.","ERROR tests/integration/test_phase7d_envelope_encryption.py::test_encryption_key_metadata_column_on_handoff_leads"
"ERROR","tests/integration/test_phase7d_envelope_encryption.py::test_readiness_shows_envelope_encryption_fields","ENVIRONMENT","db/compose/test-env","Fresh compose DB was reachable but schema/data bootstrap was absent or incomplete (dominant errors: missing users/cases/rules/documents tables), causing cascade failures.","ERROR tests/integration/test_phase7d_envelope_encryption.py::test_readiness_shows_envelope_encryption_fields"
"ERROR","tests/integration/test_phase7d_envelope_encryption.py::test_envelope_encryption_supported_when_aws_kms_configured","ENVIRONMENT","db/compose/test-env","Fresh compose DB was reachable but schema/data bootstrap was absent or incomplete (dominant errors: missing users/cases/rules/documents tables), causing cascade failures.","ERROR tests/integration/test_phase7d_envelope_encryption.py::test_envelope_encryption_supported_when_aws_kms_configured"
"ERROR","tests/integration/test_phase7d_envelope_encryption.py::test_production_ready_still_false","ENVIRONMENT","db/compose/test-env","Fresh compose DB was reachable but schema/data bootstrap was absent or incomplete (dominant errors: missing users/cases/rules/documents tables), causing cascade failures.","ERROR tests/integration/test_phase7d_envelope_encryption.py::test_production_ready_still_false"
"ERROR","tests/integration/test_phase7d_envelope_encryption.py::test_existing_providers_unchanged","ENVIRONMENT","db/compose/test-env","Fresh compose DB was reachable but schema/data bootstrap was absent or incomplete (dominant errors: missing users/cases/rules/documents tables), causing cascade failures.","ERROR tests/integration/test_phase7d_envelope_encryption.py::test_existing_providers_unchanged"
"ERROR","tests/integration/test_phase7d_envelope_encryption.py::test_legal_accuracy_gate_regression","ENVIRONMENT","db/compose/test-env","Fresh compose DB was reachable but schema/data bootstrap was absent or incomplete (dominant errors: missing users/cases/rules/documents tables), causing cascade failures.","ERROR tests/integration/test_phase7d_envelope_encryption.py::test_legal_accuracy_gate_regression"
"ERROR","tests/integration/test_phase7d_envelope_encryption.py::test_health_regression","ENVIRONMENT","db/compose/test-env","Fresh compose DB was reachable but schema/data bootstrap was absent or incomplete (dominant errors: missing users/cases/rules/documents tables), causing cascade failures.","ERROR tests/integration/test_phase7d_envelope_encryption.py::test_health_regression"
"ERROR","tests/integration/test_phase7e_envelope_integration.py::test_envelope_encrypt_str_returns_ciphertext_and_bundle","ENVIRONMENT","db/compose/test-env","Fresh compose DB was reachable but schema/data bootstrap was absent or incomplete (dominant errors: missing users/cases/rules/documents tables), causing cascade failures.","ERROR tests/integration/test_phase7e_envelope_integration.py::test_envelope_encrypt_str_returns_ciphertext_and_bundle"
"ERROR","tests/integration/test_phase7e_envelope_integration.py::test_bundle_contains_no_plaintext_key","ENVIRONMENT","db/compose/test-env","Fresh compose DB was reachable but schema/data bootstrap was absent or incomplete (dominant errors: missing users/cases/rules/documents tables), causing cascade failures.","ERROR tests/integration/test_phase7e_envelope_integration.py::test_bundle_contains_no_plaintext_key"
"ERROR","tests/integration/test_phase7e_envelope_integration.py::test_envelope_decrypt_str_recovers_original","ENVIRONMENT","db/compose/test-env","Fresh compose DB was reachable but schema/data bootstrap was absent or incomplete (dominant errors: missing users/cases/rules/documents tables), causing cascade failures.","ERROR tests/integration/test_phase7e_envelope_integration.py::test_envelope_decrypt_str_recovers_original"
"ERROR","tests/integration/test_phase7e_envelope_integration.py::test_envelope_decrypt_str_backward_compat_no_bundle","ENVIRONMENT","db/compose/test-env","Fresh compose DB was reachable but schema/data bootstrap was absent or incomplete (dominant errors: missing users/cases/rules/documents tables), causing cascade failures.","ERROR tests/integration/test_phase7e_envelope_integration.py::test_envelope_decrypt_str_backward_compat_no_bundle"
"ERROR","tests/integration/test_phase7e_envelope_integration.py::test_malformed_bundle_json_fails_closed","ENVIRONMENT","db/compose/test-env","Fresh compose DB was reachable but schema/data bootstrap was absent or incomplete (dominant errors: missing users/cases/rules/documents tables), causing cascade failures.","ERROR tests/integration/test_phase7e_envelope_integration.py::test_malformed_bundle_json_fails_closed"
"ERROR","tests/integration/test_phase7e_envelope_integration.py::test_empty_ciphertext_blob_uses_backward_compat","ENVIRONMENT","db/compose/test-env","Fresh compose DB was reachable but schema/data bootstrap was absent or incomplete (dominant errors: missing users/cases/rules/documents tables), causing cascade failures.","ERROR tests/integration/test_phase7e_envelope_integration.py::test_empty_ciphertext_blob_uses_backward_compat"
"ERROR","tests/integration/test_phase7e_envelope_integration.py::test_kms_decrypt_failure_fails_closed","ENVIRONMENT","db/compose/test-env","Fresh compose DB was reachable but schema/data bootstrap was absent or incomplete (dominant errors: missing users/cases/rules/documents tables), causing cascade failures.","ERROR tests/integration/test_phase7e_envelope_integration.py::test_kms_decrypt_failure_fails_closed"
"ERROR","tests/integration/test_phase7e_envelope_integration.py::test_envelope_bytes_roundtrip","ENVIRONMENT","db/compose/test-env","Fresh compose DB was reachable but schema/data bootstrap was absent or incomplete (dominant errors: missing users/cases/rules/documents tables), causing cascade failures.","ERROR tests/integration/test_phase7e_envelope_integration.py::test_envelope_bytes_roundtrip"
"ERROR","tests/integration/test_phase7e_envelope_integration.py::test_no_key_in_logs_during_encrypt","ENVIRONMENT","db/compose/test-env","Fresh compose DB was reachable but schema/data bootstrap was absent or incomplete (dominant errors: missing users/cases/rules/documents tables), causing cascade failures.","ERROR tests/integration/test_phase7e_envelope_integration.py::test_no_key_in_logs_during_encrypt"
"ERROR","tests/integration/test_phase7e_envelope_integration.py::test_no_key_in_logs_during_decrypt","ENVIRONMENT","db/compose/test-env","Fresh compose DB was reachable but schema/data bootstrap was absent or incomplete (dominant errors: missing users/cases/rules/documents tables), causing cascade failures.","ERROR tests/integration/test_phase7e_envelope_integration.py::test_no_key_in_logs_during_decrypt"
"ERROR","tests/integration/test_phase7e_envelope_integration.py::test_aws_kms_mode_stores_encryption_key_metadata","ENVIRONMENT","db/compose/test-env","Fresh compose DB was reachable but schema/data bootstrap was absent or incomplete (dominant errors: missing users/cases/rules/documents tables), causing cascade failures.","ERROR tests/integration/test_phase7e_envelope_integration.py::test_aws_kms_mode_stores_encryption_key_metadata"
"ERROR","tests/integration/test_phase7e_envelope_integration.py::test_aws_kms_mode_bundle_has_no_plaintext","ENVIRONMENT","db/compose/test-env","Fresh compose DB was reachable but schema/data bootstrap was absent or incomplete (dominant errors: missing users/cases/rules/documents tables), causing cascade failures.","ERROR tests/integration/test_phase7e_envelope_integration.py::test_aws_kms_mode_bundle_has_no_plaintext"
"ERROR","tests/integration/test_phase7e_envelope_integration.py::test_aws_kms_mode_encryption_method_envelope","ENVIRONMENT","db/compose/test-env","Fresh compose DB was reachable but schema/data bootstrap was absent or incomplete (dominant errors: missing users/cases/rules/documents tables), causing cascade failures.","ERROR tests/integration/test_phase7e_envelope_integration.py::test_aws_kms_mode_encryption_method_envelope"
"ERROR","tests/integration/test_phase7e_envelope_integration.py::test_env_mode_encryption_key_metadata_null","ENVIRONMENT","db/compose/test-env","Fresh compose DB was reachable but schema/data bootstrap was absent or incomplete (dominant errors: missing users/cases/rules/documents tables), causing cascade failures.","ERROR tests/integration/test_phase7e_envelope_integration.py::test_env_mode_encryption_key_metadata_null"
"ERROR","tests/integration/test_phase7e_envelope_integration.py::test_kms_failure_on_encrypt_returns_503","ENVIRONMENT","db/compose/test-env","Fresh compose DB was reachable but schema/data bootstrap was absent or incomplete (dominant errors: missing users/cases/rules/documents tables), causing cascade failures.","ERROR tests/integration/test_phase7e_envelope_integration.py::test_kms_failure_on_encrypt_returns_503"
"ERROR","tests/integration/test_phase7e_envelope_integration.py::test_decrypt_pii_with_bundle_uses_kms","ENVIRONMENT","db/compose/test-env","Fresh compose DB was reachable but schema/data bootstrap was absent or incomplete (dominant errors: missing users/cases/rules/documents tables), causing cascade failures.","ERROR tests/integration/test_phase7e_envelope_integration.py::test_decrypt_pii_with_bundle_uses_kms"
"ERROR","tests/integration/test_phase7e_envelope_integration.py::test_decrypt_pii_without_bundle_uses_env_key","ENVIRONMENT","db/compose/test-env","Fresh compose DB was reachable but schema/data bootstrap was absent or incomplete (dominant errors: missing users/cases/rules/documents tables), causing cascade failures.","ERROR tests/integration/test_phase7e_envelope_integration.py::test_decrypt_pii_without_bundle_uses_env_key"
"ERROR","tests/integration/test_phase7e_envelope_integration.py::test_decrypt_pii_malformed_bundle_fails_closed","ENVIRONMENT","db/compose/test-env","Fresh compose DB was reachable but schema/data bootstrap was absent or incomplete (dominant errors: missing users/cases/rules/documents tables), causing cascade failures.","ERROR tests/integration/test_phase7e_envelope_integration.py::test_decrypt_pii_malformed_bundle_fails_closed"
"ERROR","tests/integration/test_phase7e_envelope_integration.py::test_readiness_has_key_rotation_section","ENVIRONMENT","db/compose/test-env","Fresh compose DB was reachable but schema/data bootstrap was absent or incomplete (dominant errors: missing users/cases/rules/documents tables), causing cascade failures.","ERROR tests/integration/test_phase7e_envelope_integration.py::test_readiness_has_key_rotation_section"
"ERROR","tests/integration/test_phase7e_envelope_integration.py::test_key_rotation_db_schema_ready","ENVIRONMENT","db/compose/test-env","Fresh compose DB was reachable but schema/data bootstrap was absent or incomplete (dominant errors: missing users/cases/rules/documents tables), causing cascade failures.","ERROR tests/integration/test_phase7e_envelope_integration.py::test_key_rotation_db_schema_ready"
"ERROR","tests/integration/test_phase7e_envelope_integration.py::test_production_ready_still_false","ENVIRONMENT","db/compose/test-env","Fresh compose DB was reachable but schema/data bootstrap was absent or incomplete (dominant errors: missing users/cases/rules/documents tables), causing cascade failures.","ERROR tests/integration/test_phase7e_envelope_integration.py::test_production_ready_still_false"
"ERROR","tests/integration/test_phase7e_envelope_integration.py::test_phase7d_bundle_behavior_unchanged","ENVIRONMENT","db/compose/test-env","Fresh compose DB was reachable but schema/data bootstrap was absent or incomplete (dominant errors: missing users/cases/rules/documents tables), causing cascade failures.","ERROR tests/integration/test_phase7e_envelope_integration.py::test_phase7d_bundle_behavior_unchanged"
"ERROR","tests/integration/test_phase7e_envelope_integration.py::test_legal_accuracy_gate_regression","ENVIRONMENT","db/compose/test-env","Fresh compose DB was reachable but schema/data bootstrap was absent or incomplete (dominant errors: missing users/cases/rules/documents tables), causing cascade failures.","ERROR tests/integration/test_phase7e_envelope_integration.py::test_legal_accuracy_gate_regression"
"ERROR","tests/integration/test_phase7e_envelope_integration.py::test_health_regression","ENVIRONMENT","db/compose/test-env","Fresh compose DB was reachable but schema/data bootstrap was absent or incomplete (dominant errors: missing users/cases/rules/documents tables), causing cascade failures.","ERROR tests/integration/test_phase7e_envelope_integration.py::test_health_regression"
"ERROR","tests/scale/test_t010_rls_scale.py::test_no_privilege_escalation_under_concurrent_load","ENVIRONMENT","db/compose/test-env","Fresh compose DB was reachable but schema/data bootstrap was absent or incomplete (dominant errors: missing users/cases/rules/documents tables), causing cascade failures.","ERROR tests/scale/test_t010_rls_scale.py::test_no_privilege_escalation_under_concurrent_load"
"ERROR","tests/scale/test_t010_rls_scale.py::test_auth_check_latency_under_budget","ENVIRONMENT","db/compose/test-env","Fresh compose DB was reachable but schema/data bootstrap was absent or incomplete (dominant errors: missing users/cases/rules/documents tables), causing cascade failures.","ERROR tests/scale/test_t010_rls_scale.py::test_auth_check_latency_under_budget"
"ERROR","tests/scale/test_t010_rls_scale.py::test_pool_reuses_warm_connections","ENVIRONMENT","db/compose/test-env","Fresh compose DB was reachable but schema/data bootstrap was absent or incomplete (dominant errors: missing users/cases/rules/documents tables), causing cascade failures.","ERROR tests/scale/test_t010_rls_scale.py::test_pool_reuses_warm_connections"
"ERROR","tests/test_auth_db.py::test_required_entity_exists[users]","ENVIRONMENT","db/compose/test-env","Fresh compose DB was reachable but schema/data bootstrap was absent or incomplete (dominant errors: missing users/cases/rules/documents tables), causing cascade failures.","ERROR tests/test_auth_db.py::test_required_entity_exists[users] - psycopg2.er..."
"ERROR","tests/test_auth_db.py::test_required_entity_exists[user_identities]","ENVIRONMENT","db/compose/test-env","Fresh compose DB was reachable but schema/data bootstrap was absent or incomplete (dominant errors: missing users/cases/rules/documents tables), causing cascade failures.","ERROR tests/test_auth_db.py::test_required_entity_exists[user_identities] - p..."
"ERROR","tests/test_auth_db.py::test_required_entity_exists[user_sessions]","ENVIRONMENT","db/compose/test-env","Fresh compose DB was reachable but schema/data bootstrap was absent or incomplete (dominant errors: missing users/cases/rules/documents tables), causing cascade failures.","ERROR tests/test_auth_db.py::test_required_entity_exists[user_sessions] - psy..."
"ERROR","tests/test_auth_db.py::test_required_entity_exists[auth_events]","ENVIRONMENT","db/compose/test-env","Fresh compose DB was reachable but schema/data bootstrap was absent or incomplete (dominant errors: missing users/cases/rules/documents tables), causing cascade failures.","ERROR tests/test_auth_db.py::test_required_entity_exists[auth_events] - psyco..."
"ERROR","tests/test_auth_db.py::test_required_entity_exists[onboarding_profiles]","ENVIRONMENT","db/compose/test-env","Fresh compose DB was reachable but schema/data bootstrap was absent or incomplete (dominant errors: missing users/cases/rules/documents tables), causing cascade failures.","ERROR tests/test_auth_db.py::test_required_entity_exists[onboarding_profiles]"
"ERROR","tests/test_auth_db.py::test_required_entity_exists[conversion_events]","ENVIRONMENT","db/compose/test-env","Fresh compose DB was reachable but schema/data bootstrap was absent or incomplete (dominant errors: missing users/cases/rules/documents tables), causing cascade failures.","ERROR tests/test_auth_db.py::test_required_entity_exists[conversion_events]"
"ERROR","tests/test_auth_db.py::test_session_and_identity_views_expose_canonical_columns","ENVIRONMENT","db/compose/test-env","Fresh compose DB was reachable but schema/data bootstrap was absent or incomplete (dominant errors: missing users/cases/rules/documents tables), causing cascade failures.","ERROR tests/test_auth_db.py::test_session_and_identity_views_expose_canonical_columns"
"ERROR","tests/test_auth_db.py::test_views_are_backed_by_the_wired_base_tables","ENVIRONMENT","db/compose/test-env","Fresh compose DB was reachable but schema/data bootstrap was absent or incomplete (dominant errors: missing users/cases/rules/documents tables), causing cascade failures.","ERROR tests/test_auth_db.py::test_views_are_backed_by_the_wired_base_tables"
"ERROR","tests/test_auth_db.py::test_required_indexes_exist","ENVIRONMENT","db/compose/test-env","Fresh compose DB was reachable but schema/data bootstrap was absent or incomplete (dominant errors: missing users/cases/rules/documents tables), causing cascade failures.","ERROR tests/test_auth_db.py::test_required_indexes_exist - psycopg2.errors.Un..."
"ERROR","tests/test_auth_db.py::test_email_index_serves_lookup","ENVIRONMENT","db/compose/test-env","Fresh compose DB was reachable but schema/data bootstrap was absent or incomplete (dominant errors: missing users/cases/rules/documents tables), causing cascade failures.","ERROR tests/test_auth_db.py::test_email_index_serves_lookup - psycopg2.errors..."
"ERROR","tests/test_auth_db.py::test_session_id_index_serves_lookup","ENVIRONMENT","db/compose/test-env","Fresh compose DB was reachable but schema/data bootstrap was absent or incomplete (dominant errors: missing users/cases/rules/documents tables), causing cascade failures.","ERROR tests/test_auth_db.py::test_session_id_index_serves_lookup - psycopg2.e..."
"ERROR","tests/test_auth_db.py::test_provider_id_index_serves_lookup","ENVIRONMENT","db/compose/test-env","Fresh compose DB was reachable but schema/data bootstrap was absent or incomplete (dominant errors: missing users/cases/rules/documents tables), causing cascade failures.","ERROR tests/test_auth_db.py::test_provider_id_index_serves_lookup - psycopg2...."
"ERROR","tests/test_auth_db.py::test_duplicate_email_rejected_case_insensitive","ENVIRONMENT","db/compose/test-env","Fresh compose DB was reachable but schema/data bootstrap was absent or incomplete (dominant errors: missing users/cases/rules/documents tables), causing cascade failures.","ERROR tests/test_auth_db.py::test_duplicate_email_rejected_case_insensitive"
"ERROR","tests/test_auth_db.py::test_provider_merge_integrity","ENVIRONMENT","db/compose/test-env","Fresh compose DB was reachable but schema/data bootstrap was absent or incomplete (dominant errors: missing users/cases/rules/documents tables), causing cascade failures.","ERROR tests/test_auth_db.py::test_provider_merge_integrity - psycopg2.errors...."
"ERROR","tests/test_auth_db.py::test_account_linking_multiple_providers","ENVIRONMENT","db/compose/test-env","Fresh compose DB was reachable but schema/data bootstrap was absent or incomplete (dominant errors: missing users/cases/rules/documents tables), causing cascade failures.","ERROR tests/test_auth_db.py::test_account_linking_multiple_providers - psycop..."
"ERROR","tests/test_auth_db.py::test_user_sessions_view_reflects_auth_sessions","ENVIRONMENT","db/compose/test-env","Fresh compose DB was reachable but schema/data bootstrap was absent or incomplete (dominant errors: missing users/cases/rules/documents tables), causing cascade failures.","ERROR tests/test_auth_db.py::test_user_sessions_view_reflects_auth_sessions"
"ERROR","tests/test_auth_db.py::test_onboarding_profiles_view_reflects_users","ENVIRONMENT","db/compose/test-env","Fresh compose DB was reachable but schema/data bootstrap was absent or incomplete (dominant errors: missing users/cases/rules/documents tables), causing cascade failures.","ERROR tests/test_auth_db.py::test_onboarding_profiles_view_reflects_users - p..."
"ERROR","tests/test_auth_db.py::test_conversion_events_anonymous_then_linked","ENVIRONMENT","db/compose/test-env","Fresh compose DB was reachable but schema/data bootstrap was absent or incomplete (dominant errors: missing users/cases/rules/documents tables), causing cascade failures.","ERROR tests/test_auth_db.py::test_conversion_events_anonymous_then_linked - p..."
"ERROR","tests/test_auth_db.py::test_migration_050_idempotent","ENVIRONMENT","db/compose/test-env","Fresh compose DB was reachable but schema/data bootstrap was absent or incomplete (dominant errors: missing users/cases/rules/documents tables), causing cascade failures.","ERROR tests/test_auth_db.py::test_migration_050_idempotent - psycopg2.errors...."
"ERROR","tests/test_auth_db.py::test_migration_050_reversible","ENVIRONMENT","db/compose/test-env","Fresh compose DB was reachable but schema/data bootstrap was absent or incomplete (dominant errors: missing users/cases/rules/documents tables), causing cascade failures.","ERROR tests/test_auth_db.py::test_migration_050_reversible - psycopg2.errors...."
"ERROR","tests/test_hybrid_search.py::test_hybrid_returns_grounded_authorities","ENVIRONMENT","db/compose/test-env","Fresh compose DB was reachable but schema/data bootstrap was absent or incomplete (dominant errors: missing users/cases/rules/documents tables), causing cascade failures.","ERROR tests/test_hybrid_search.py::test_hybrid_returns_grounded_authorities"
"ERROR","tests/test_hybrid_search.py::test_every_authority_is_local_db_with_source_url","ENVIRONMENT","db/compose/test-env","Fresh compose DB was reachable but schema/data bootstrap was absent or incomplete (dominant errors: missing users/cases/rules/documents tables), causing cascade failures.","ERROR tests/test_hybrid_search.py::test_every_authority_is_local_db_with_source_url"
"ERROR","tests/test_hybrid_search.py::test_every_authority_carries_jurisdiction_and_effective_fields","ENVIRONMENT","db/compose/test-env","Fresh compose DB was reachable but schema/data bootstrap was absent or incomplete (dominant errors: missing users/cases/rules/documents tables), causing cascade failures.","ERROR tests/test_hybrid_search.py::test_every_authority_carries_jurisdiction_and_effective_fields"
"ERROR","tests/test_hybrid_search.py::test_rrf_provenance_present","ENVIRONMENT","db/compose/test-env","Fresh compose DB was reachable but schema/data bootstrap was absent or incomplete (dominant errors: missing users/cases/rules/documents tables), causing cascade failures.","ERROR tests/test_hybrid_search.py::test_rrf_provenance_present - psycopg2.err..."
"ERROR","tests/test_hybrid_search.py::test_exact_citation_query_surfaces_named_section","ENVIRONMENT","db/compose/test-env","Fresh compose DB was reachable but schema/data bootstrap was absent or incomplete (dominant errors: missing users/cases/rules/documents tables), causing cascade failures.","ERROR tests/test_hybrid_search.py::test_exact_citation_query_surfaces_named_section"
"ERROR","tests/test_legacy_route_parity.py::test_unpaid_cannot_generate_canonical","ENVIRONMENT","payment","Fresh compose DB was reachable but schema/data bootstrap was absent or incomplete (dominant errors: missing users/cases/rules/documents tables), causing cascade failures.","ERROR tests/test_legacy_route_parity.py::test_unpaid_cannot_generate_canonical"
"ERROR","tests/test_legacy_route_parity.py::test_unpaid_legacy_generate_does_not_unlock","ENVIRONMENT","payment","Fresh compose DB was reachable but schema/data bootstrap was absent or incomplete (dominant errors: missing users/cases/rules/documents tables), causing cascade failures.","ERROR tests/test_legacy_route_parity.py::test_unpaid_legacy_generate_does_not_unlock"
"ERROR","tests/test_legacy_route_parity.py::test_unpaid_cannot_download_legacy","ENVIRONMENT","payment","Fresh compose DB was reachable but schema/data bootstrap was absent or incomplete (dominant errors: missing users/cases/rules/documents tables), causing cascade failures.","ERROR tests/test_legacy_route_parity.py::test_unpaid_cannot_download_legacy"
"ERROR","tests/test_onboarding.py::test_missing_role_is_422","ENVIRONMENT","db/compose/test-env","Fresh compose DB was reachable but schema/data bootstrap was absent or incomplete (dominant errors: missing users/cases/rules/documents tables), causing cascade failures.","ERROR tests/test_onboarding.py::test_missing_role_is_422 - psycopg2.errors.Un..."
"ERROR","tests/test_onboarding.py::test_empty_role_is_400","ENVIRONMENT","db/compose/test-env","Fresh compose DB was reachable but schema/data bootstrap was absent or incomplete (dominant errors: missing users/cases/rules/documents tables), causing cascade failures.","ERROR tests/test_onboarding.py::test_empty_role_is_400 - psycopg2.errors.Unde..."
"ERROR","tests/test_onboarding.py::test_unknown_role_is_400","ENVIRONMENT","db/compose/test-env","Fresh compose DB was reachable but schema/data bootstrap was absent or incomplete (dominant errors: missing users/cases/rules/documents tables), causing cascade failures.","ERROR tests/test_onboarding.py::test_unknown_role_is_400 - psycopg2.errors.Un..."
"ERROR","tests/test_onboarding.py::test_creates_first_case","ENVIRONMENT","db/compose/test-env","Fresh compose DB was reachable but schema/data bootstrap was absent or incomplete (dominant errors: missing users/cases/rules/documents tables), causing cascade failures.","ERROR tests/test_onboarding.py::test_creates_first_case - psycopg2.errors.Und..."
"ERROR","tests/test_onboarding.py::test_case_title_from_name_when_no_case_type","ENVIRONMENT","db/compose/test-env","Fresh compose DB was reachable but schema/data bootstrap was absent or incomplete (dominant errors: missing users/cases/rules/documents tables), causing cascade failures.","ERROR tests/test_onboarding.py::test_case_title_from_name_when_no_case_type"
"ERROR","tests/test_onboarding.py::test_case_title_neutral_fallback","ENVIRONMENT","db/compose/test-env","Fresh compose DB was reachable but schema/data bootstrap was absent or incomplete (dominant errors: missing users/cases/rules/documents tables), causing cascade failures.","ERROR tests/test_onboarding.py::test_case_title_neutral_fallback - psycopg2.e..."
"ERROR","tests/test_onboarding.py::test_idempotent_second_call_returns_same_case","ENVIRONMENT","db/compose/test-env","Fresh compose DB was reachable but schema/data bootstrap was absent or incomplete (dominant errors: missing users/cases/rules/documents tables), causing cascade failures.","ERROR tests/test_onboarding.py::test_idempotent_second_call_returns_same_case"
"ERROR","tests/test_onboarding.py::test_idempotent_resubmit_does_not_wipe_name","ENVIRONMENT","db/compose/test-env","Fresh compose DB was reachable but schema/data bootstrap was absent or incomplete (dominant errors: missing users/cases/rules/documents tables), causing cascade failures.","ERROR tests/test_onboarding.py::test_idempotent_resubmit_does_not_wipe_name"
"ERROR","tests/test_onboarding.py::test_onboarding_case_appears_in_cases_list","ENVIRONMENT","db/compose/test-env","Fresh compose DB was reachable but schema/data bootstrap was absent or incomplete (dominant errors: missing users/cases/rules/documents tables), causing cascade failures.","ERROR tests/test_onboarding.py::test_onboarding_case_appears_in_cases_list - ..."
"ERROR","tests/test_onboarding.py::test_status_flips_after_completion","ENVIRONMENT","db/compose/test-env","Fresh compose DB was reachable but schema/data bootstrap was absent or incomplete (dominant errors: missing users/cases/rules/documents tables), causing cascade failures.","ERROR tests/test_onboarding.py::test_status_flips_after_completion - psycopg2..."
"ERROR","tests/test_temporal_graph.py::test_hydrate_builds_digraph_with_delta","ENVIRONMENT","db/compose/test-env","Fresh compose DB was reachable but schema/data bootstrap was absent or incomplete (dominant errors: missing users/cases/rules/documents tables), causing cascade failures.","ERROR tests/test_temporal_graph.py::test_hydrate_builds_digraph_with_delta - ..."
"ERROR","tests/test_temporal_graph.py::test_deadline_is_months_from_rules_less_one_day","ENVIRONMENT","db/compose/test-env","Fresh compose DB was reachable but schema/data bootstrap was absent or incomplete (dominant errors: missing users/cases/rules/documents tables), causing cascade failures.","ERROR tests/test_temporal_graph.py::test_deadline_is_months_from_rules_less_one_day"
"ERROR","tests/test_temporal_graph.py::test_app_level_isolation_other_user_sees_nothing","ENVIRONMENT","db/compose/test-env","Fresh compose DB was reachable but schema/data bootstrap was absent or incomplete (dominant errors: missing users/cases/rules/documents tables), causing cascade failures.","ERROR tests/test_temporal_graph.py::test_app_level_isolation_other_user_sees_nothing"
